Postcode,Male,Female,Population
800,3629,2835,6467
810,16776,16530,33302
812,9442,9429,18875
815,191,104,286
820,10205,9249,19449
822,13146,12414,25558
828,627,572,1203
829,1578,264,1835
830,9229,8979,18209
832,7811,7761,15571
834,956,879,1834
835,3574,1565,5131
836,4076,3677,7752
837,223,190,412
838,442,379,816
839,274,276,551
840,216,144,365
841,383,309,702
845,265,243,509
846,185,169,357
847,175,149,329
850,4174,3963,8137
852,4296,4005,8300
853,495,365,856
854,457,419,875
860,1581,1416,2997
862,385,381,762
870,9604,10030,19631
873,1197,1240,2434
874,272,279,547
875,1154,1216,2373
880,2614,2597,5212
885,496,382,875
886,582,499,1077
2000,13817,13597,27411
2006,543,716,1261
2007,4253,4588,8846
2008,5622,6090,11712
2009,6484,6326,12813
2010,15973,11760,27733
2011,11947,9252,21199
2015,5023,4898,9922
2016,7186,6030,13213
2017,12671,12024,24694
2018,8533,8501,17028
2019,5418,5422,10840
2020,7433,7338,14771
2021,7278,8041,15312
2022,6001,6510,12510
2023,5223,5494,10719
2024,5278,5795,11073
2025,3370,4036,7407
2026,16065,16422,32489
2027,3753,4433,8191
2028,2038,2605,4643
2029,4628,5327,9957
2030,6696,7383,14080
2031,16578,18146,34729
2032,8427,8266,16692
2033,5767,5806,11573
2034,9747,10968,20716
2035,16737,17754,34496
2036,15717,14694,30411
2037,7595,8519,16119
2038,4540,4910,9452
2039,4165,4556,8726
2040,10635,11611,22242
2041,7516,8172,15687
2042,9571,9555,19128
2043,4121,3895,8014
2044,3934,3914,7840
2045,3196,3255,6453
2046,12662,14157,26822
2047,5609,6337,11950
2048,3939,4000,7940
2049,5545,5735,11278
2050,4390,4573,8967
2052,1769,1661,3428
2060,6744,7238,13987
2061,2848,3102,5943
2062,3281,3722,7004
2063,3055,3285,6348
2064,4649,4870,9525
2065,14405,15710,30116
2066,15545,16077,31625
2067,12523,13887,26404
2068,8098,8717,16811
2069,6977,7276,14251
2070,6532,6976,13504
2071,6521,7030,13550
2072,3661,4004,7666
2073,7766,8587,16354
2074,10656,11605,22261
2075,9785,10668,20456
2076,11865,12785,24653
2077,18435,19359,37792
2079,3537,3564,7096
2080,852,853,1704
2081,2680,2688,5365
2082,2665,2734,5399
2083,782,736,1514
2084,1787,1837,3625
2085,5624,5997,11624
2086,6644,6773,13417
2087,6180,6616,12796
2088,13191,15291,28476
2089,5602,6315,11914
2090,6310,7416,13726
2092,3440,3701,7137
2093,11073,11796,22872
2094,2790,3053,5841
2095,7890,7974,15863
2096,7277,7380,14656
2097,7578,7949,15531
2099,19487,20439,39922
2100,10360,10548,20911
2101,9457,9937,19394
2102,3604,3897,7499
2103,5126,5546,10674
2104,1662,1959,3620
2105,940,907,1848
2106,4570,4732,9303
2107,7167,7502,14670
2108,852,820,1672
2109,1443,1638,3090
2110,5168,5175,10348
2111,6966,7447,14415
2112,15991,16868,32852
2113,8992,9376,18365
2114,11849,12211,24059
2115,5357,5382,10738
2116,3284,3356,6640
2117,10394,10892,21288
2118,11960,12376,24340
2119,5514,6128,11646
2120,9924,10283,20207
2121,13912,14304,28215
2122,15041,16124,31161
2123,0,0,0
2125,8080,8295,16377
2126,9210,9552,18768
2127,7139,7394,14535
2128,2758,1411,4166
2129,4,0,4
2130,3557,3756,7306
2131,11773,12069,23839
2132,5064,5559,10613
2133,5218,5797,11014
2134,7674,8358,16033
2135,12649,12598,25252
2136,3589,3786,7367
2137,12813,13693,26507
2138,9808,10218,20022
2139,36,18,55
2140,8530,7633,16161
2141,14814,13863,28675
2142,13730,12565,26297
2143,4430,4492,8920
2144,20566,16802,37370
2145,39617,39590,79213
2146,8742,8728,17467
2147,18215,18128,36346
2148,31676,31398,63074
2150,16450,15047,31500
2151,10514,10794,21308
2152,5293,5913,11218
2153,27658,28900,56556
2154,19146,20441,39594
2155,27423,28027,55447
2156,6426,6517,12941
2157,1863,1880,3741
2158,4198,4376,8579
2159,2465,2510,4976
2160,18203,17771,35971
2161,15829,15590,31420
2162,9197,9421,18622
2163,4987,4603,9592
2164,9719,9909,19626
2165,20952,21488,42438
2166,25865,26897,52768
2167,4717,4918,9637
2168,21361,22085,43451
2170,52026,53424,105455
2171,17310,17556,34865
2172,1416,1360,2779
2173,7374,7058,14432
2174,1123,1146,2267
2175,948,885,1837
2176,23488,24322,47812
2177,7804,8175,15980
2178,2162,2067,4234
2179,3305,3221,6529
2190,12684,12889,25571
2191,3056,3265,6317
2192,6337,6384,12713
2193,7466,7785,15254
2194,12321,12217,24538
2195,14534,12619,27148
2196,16072,15739,31813
2197,4471,4599,9067
2198,4386,4661,9039
2199,9002,9015,18016
2200,21604,22080,43688
2203,6534,7169,13707
2204,12985,13518,26499
2205,9817,9631,19447
2206,9546,9855,19407
2207,13914,14625,28536
2208,6071,6381,12450
2209,7616,8153,15772
2210,14882,15705,30582
2211,8258,8589,16845
2212,7653,8196,15846
2213,10642,11148,21788
2214,1949,2005,3952
2216,14158,13910,28065
2217,13258,13586,26846
2218,8230,8204,16425
2219,6248,6949,13196
2220,15981,16506,32487
2221,7998,8485,16482
2222,6189,6594,12790
2223,10135,10769,20903
2224,6829,7380,14209
2225,2642,2762,5408
2226,6162,6343,12505
2227,7117,7502,14622
2228,8858,9507,18364
2229,13933,14783,28712
2230,14193,14646,28842
2231,1152,1123,2269
2232,15934,16936,32870
2233,14470,15022,29497
2234,15117,15464,30579
2250,32619,34571,67195
2251,15715,16993,32708
2256,7474,8129,15603
2257,13946,15064,29009
2258,2578,2590,5167
2259,29056,30461,59513
2260,11530,11891,23418
2261,25265,27485,52751
2262,10163,10672,20828
2263,11746,12525,24263
2264,6984,7249,14233
2265,2781,3028,5809
2267,1367,1393,2757
2278,1304,1272,2571
2280,13072,13602,26682
2281,7029,7243,14273
2282,7081,7697,14775
2283,11329,11972,23297
2284,5179,5319,10498
2285,14944,15769,30715
2286,1923,1986,3909
2287,17833,18562,36400
2289,9381,9740,19118
2290,16226,17203,33422
2291,6659,6756,13413
2292,1223,1237,2465
2293,1261,1262,2521
2294,977,949,1929
2295,3448,3481,6925
2296,946,941,1883
2297,841,839,1683
2298,4598,4902,9499
2299,5499,5702,11205
2300,5358,5224,10579
2302,314,254,565
2303,4512,4629,9145
2304,7512,7657,15177
2305,6067,6437,12506
2306,1587,1772,3359
2307,1987,1920,3905
2308,591,733,1327
2311,447,415,861
2312,750,702,1453
2314,161,39,203
2315,7122,7532,14655
2316,2887,2964,5846
2317,2956,3287,6241
2318,6075,6075,12149
2319,3349,3336,6685
2320,16928,17625,34559
2321,7228,7396,14624
2322,9159,9299,18453
2323,12509,13228,25736
2324,11723,11927,23651
2325,14154,14309,28459
2326,3664,3671,7333
2327,3755,3855,7610
2328,1246,1192,2438
2329,1047,1065,2111
2330,10218,10134,20349
2331,310,11,318
2333,7002,6651,13645
2334,1444,1386,2829
2335,3062,3100,6156
2336,1319,1293,2614
2337,3889,4003,7889
2338,683,748,1432
2339,370,306,677
2340,23890,25174,49070
2341,803,764,1572
2342,230,236,465
2343,2463,2500,4968
2344,375,381,756
2345,379,347,720
2346,1547,1604,3147
2347,949,982,1933
2350,12194,13140,25336
2351,452,526,976
2352,1326,1391,2715
2353,524,599,1124
2354,1791,1787,3574
2355,338,322,664
2356,81,82,160
2357,2004,2153,4159
2358,1801,1973,3772
2359,365,373,736
2360,7069,7463,14524
2361,452,460,909
2365,1870,1849,3726
2369,457,467,923
2370,3800,3890,7683
2371,597,561,1155
2372,2285,2458,4742
2379,170,148,316
2380,5132,5256,10390
2381,631,565,1190
2382,677,645,1322
2386,198,162,356
2387,110,89,199
2388,1354,1323,2673
2390,4323,4436,8755
2395,355,315,669
2396,435,423,856
2397,199,182,380
2398,133,104,236
2399,310,287,596
2400,5048,5034,10083
2401,167,157,321
2402,906,883,1789
2403,386,333,720
2404,892,948,1837
2405,274,234,512
2408,201,172,372
2409,515,517,1027
2410,145,131,281
2411,63,60,121
2415,195,198,390
2420,1993,2028,4022
2421,918,917,1831
2422,2633,2707,5334
2423,1523,1438,2959
2424,232,193,429
2425,880,899,1782
2426,358,360,719
2427,1547,1567,3113
2428,11556,12456,24012
2429,4743,4974,9715
2430,16456,17564,34017
2431,2517,2617,5133
2439,1436,1507,2941
2440,10941,10879,21816
2441,2248,2095,4349
2443,4367,4522,8892
2444,21944,24343,46289
2445,3164,3307,6464
2446,6470,6863,13330
2447,3569,3606,7180
2448,4291,4714,9002
2449,1124,1064,2188
2450,21239,22657,43896
2452,7217,7906,15119
2453,1370,1404,2771
2454,3652,3920,7571
2455,1480,1519,3001
2456,7285,7462,14749
2460,14438,14778,29212
2462,1268,1173,2443
2463,3703,3841,7541
2464,3272,3463,6740
2465,152,140,292
2466,879,849,1725
2469,2110,1900,4009
2470,7505,7721,15225
2471,1241,1283,2522
2472,984,875,1855
2473,1519,1574,3092
2474,3174,3161,6332
2475,196,195,386
2476,402,384,780
2477,5882,6321,12207
2478,13606,14707,28316
2479,2322,2409,4735
2480,21706,22895,44596
2481,5678,6091,11770
2482,3046,3232,6276
2483,5092,5519,10604
2484,9323,9545,18874
2485,6855,7523,14375
2486,14964,16631,31594
2487,6583,6850,13430
2488,1630,1637,3262
2489,3509,3845,7353
2490,323,342,667
2500,20544,19970,40512
2502,6211,6222,12433
2505,2547,2464,5008
2506,3706,3896,7608
2508,4548,4434,8975
2515,5494,5618,11110
2516,2964,3140,6108
2517,6615,7118,13732
2518,9213,9857,19066
2519,8337,8584,16931
2522,122,184,300
2525,5714,5845,11564
2526,7599,8026,15629
2527,10386,11002,21381
2528,11691,12075,23773
2529,12760,13267,26021
2530,15581,16434,32017
2533,7691,7934,15623
2534,2776,2938,5711
2535,3544,3796,7332
2536,8605,9115,17720
2537,5860,5953,11811
2538,1144,1250,2397
2539,8853,9126,17978
2541,12411,13229,25642
2545,531,513,1042
2546,4484,4638,9118
2548,3694,4035,7736
2549,1841,1948,3788
2550,7825,8035,15857
2551,1729,1775,3502
2555,115,111,229
2556,1290,1220,2509
2557,4601,4352,8948
2558,5562,5556,11115
2559,1366,1700,3070
2560,37463,39057,76525
2563,158,142,305
2564,6723,7201,13925
2565,10044,9941,19985
2566,13009,13319,26323
2567,18762,19736,38501
2568,553,592,1146
2569,698,656,1360
2570,19568,20541,40102
2571,5945,5902,11851
2572,2203,2270,4476
2573,2455,2612,5068
2574,2890,2855,5740
2575,7412,8056,15477
2576,6239,7187,13433
2577,7565,7850,15416
2578,1259,1426,2688
2579,2030,1998,4024
2580,14762,14464,29221
2581,1052,1039,2093
2582,6075,6366,12439
2583,2226,2157,4384
2584,280,262,543
2585,128,94,226
2586,1343,1281,2620
2587,1383,1525,2917
2588,132,128,259
2590,3469,3622,7091
2594,5667,6005,11669
2619,4760,4745,9508
2621,3049,3008,6056
2622,1974,1946,3921
2623,329,290,613
2625,224,167,390
2626,250,254,505
2627,2480,2135,4621
2628,995,916,1910
2629,277,251,530
2630,4395,4295,8689
2631,299,269,570
2632,916,926,1833
2633,202,176,380
2640,17566,18775,36343
2641,7264,7811,15073
2642,2417,2368,4791
2643,1388,1384,2771
2644,1166,1240,2400
2645,224,181,400
2646,3331,3420,6755
2647,1070,1095,2163
2648,1251,1120,2375
2649,10,19,31
2650,27629,29343,56973
2651,1220,1052,2274
2652,2371,2212,4584
2653,1333,1196,2532
2655,666,669,1336
2656,628,648,1271
2658,716,716,1435
2659,437,454,889
2660,834,776,1616
2661,424,211,629
2663,3019,2164,5183
2665,1163,1060,2226
2666,2819,2855,5671
2668,230,229,457
2669,868,781,1653
2671,2013,2099,4111
2672,790,790,1576
2675,780,786,1564
2678,108,224,334
2680,11939,12000,23942
2681,876,855,1732
2700,2425,2501,4925
2701,1172,1215,2388
2702,383,399,781
2703,469,514,981
2705,5040,5112,10156
2706,610,550,1155
2707,704,642,1344
2710,5002,5117,10124
2711,1728,1632,3361
2712,688,666,1358
2713,1392,1404,2797
2714,1368,1398,2767
2715,762,713,1478
2716,574,525,1102
2717,672,657,1333
2720,3975,4035,8010
2721,124,116,239
2722,1605,1604,3207
2725,189,183,373
2726,110,106,219
2727,197,155,352
2729,864,833,1696
2730,700,685,1385
2731,3115,3298,6407
2732,873,905,1776
2733,280,263,541
2734,238,219,456
2735,240,217,446
2736,191,189,375
2737,424,417,839
2738,854,810,1661
2739,702,693,1397
2745,14438,15072,29503
2747,20961,21461,42421
2748,1000,879,1879
2749,8307,8627,16933
2750,21744,23066,44806
2752,2512,2404,4924
2753,8472,8670,17134
2754,2689,3001,5695
2755,167,92,260
2756,16910,17023,33934
2757,433,421,851
2758,4362,4352,8718
2759,13094,13234,26331
2760,16667,17168,33832
2761,15258,15699,30954
2762,2512,2468,4979
2763,15289,15586,30875
2765,8397,7710,16112
2766,7661,7874,15536
2767,11118,11408,22526
2768,14705,14054,28760
2769,5840,5893,11732
2770,29983,31313,61302
2773,2989,3017,6009
2774,6347,6582,12931
2775,775,725,1492
2776,1968,2060,4026
2777,8405,9198,17606
2778,1217,1213,2432
2779,2336,2643,4976
2780,6305,6915,13222
2782,2886,3186,6077
2783,1237,1382,2612
2784,615,615,1232
2785,2185,2360,4545
2786,653,629,1290
2787,2304,2146,4450
2790,7977,7793,15763
2791,165,169,344
2792,201,185,389
2793,516,457,975
2794,5082,5346,10426
2795,21371,21184,42552
2797,201,226,422
2798,1039,1063,2103
2799,2052,2070,4119
2800,21975,23022,44994
2803,155,130,277
2804,1313,1360,2667
2805,208,191,397
2806,402,378,781
2807,227,202,429
2808,100,74,177
2809,125,121,239
2810,1564,1582,3152
2817,154,138,291
2818,441,421,864
2820,3857,3464,7320
2821,2356,2457,4810
2822,226,186,412
2823,744,680,1419
2824,1076,1109,2187
2825,1183,1198,2382
2826,105,97,197
2827,1819,1877,3693
2828,412,419,832
2829,1538,1565,3100
2830,19452,20834,40290
2831,993,932,1920
2832,1327,1241,2566
2833,345,305,654
2834,1270,1070,2338
2835,2134,2037,4173
2836,450,440,890
2838,109,134,243
2839,706,636,1337
2840,1342,1360,2702
2842,332,297,626
2843,649,635,1288
2844,725,713,1441
2845,988,990,1978
2846,144,136,277
2847,1237,1184,2426
2848,847,802,1650
2849,790,759,1547
2850,8830,8816,17645
2852,1797,1751,3542
2864,415,391,805
2865,432,433,868
2866,1505,1588,3100
2867,321,278,599
2868,321,335,649
2869,743,704,1442
2870,5845,6193,12038
2871,4681,4670,9350
2873,286,272,558
2874,228,197,423
2875,501,469,969
2876,237,180,421
2877,1940,1943,3880
2878,216,156,371
2879,350,293,636
2880,8936,9343,18276
2898,190,190,381
4000,8817,7732,16556
4005,8770,9105,17875
4006,7680,6848,14528
4007,6185,6581,12768
4008,229,139,369
4009,4,0,4
4010,1109,1190,2300
4011,7308,7873,15178
4012,10692,11140,21830
4013,2270,2302,4570
4014,5846,6065,11910
4017,18008,18865,36870
4018,5672,6475,12155
4019,9795,10310,20105
4020,10441,11604,22041
4021,4576,5214,9784
4022,3318,3844,7166
4025,212,159,369
4029,30,48,77
4030,8297,8232,16532
4031,6650,6935,13589
4032,7440,8338,15775
4034,21686,22779,44462
4035,11774,12442,24212
4036,3195,3309,6499
4037,3953,4021,7972
4051,13751,13783,27534
4053,21242,22742,43984
4054,6569,7052,13619
4055,10208,10350,20561
4059,6728,6759,13493
4060,6511,6527,13034
4061,8123,8567,16689
4064,5338,5502,10836
4065,4568,4937,9499
4066,8162,8536,16697
4067,5098,5326,10422
4068,11602,12010,23618
4069,16497,17126,33623
4070,5687,5924,11612
4072,945,1206,2153
4073,4351,4787,9138
4074,11708,12022,23730
4075,11298,12051,23352
4076,5285,2823,8103
4077,14915,15840,30759
4078,12448,13354,25806
4101,11449,11411,22862
4102,4013,3641,7656
4103,7119,7190,14315
4104,3182,3356,6536
4105,6639,6680,13322
4106,868,726,1595
4107,3141,3143,6288
4108,3065,2962,6023
4109,18640,18973,37605
4110,5452,5462,10916
4111,612,575,1182
4112,4013,4095,8108
4113,14932,14985,29915
4114,14686,14382,29063
4115,9587,9719,19309
4116,12667,13274,25936
4117,683,690,1365
4118,15110,15288,30398
4119,3140,3198,6344
4120,4465,4468,8934
4121,12250,13015,25269
4122,20996,22851,43850
4123,9041,9444,18489
4124,9700,9971,19675
4125,3515,3623,7144
4127,12975,13396,26375
4128,8251,8259,16510
4129,3137,3160,6303
4130,4202,4328,8533
4131,5219,5220,10435
4132,12911,13309,26216
4133,8590,9180,17769
4151,7947,8335,16285
4152,21456,23231,44685
4153,2170,2206,4372
4154,5478,5496,10972
4155,724,724,1440
4156,1555,1596,3147
4157,9483,9553,19037
4158,1855,1909,3764
4159,7112,7388,14498
4160,8864,9278,18140
4161,7975,8281,16251
4163,7018,7779,14798
4164,7185,7507,14694
4165,17944,18867,36814
4169,7225,6769,13995
4170,11964,12557,24516
4171,7635,8086,15722
4172,2154,2150,4301
4173,4047,4248,8289
4174,1171,1211,2382
4178,12229,12979,25212
4179,9347,9947,19292
4183,1079,1025,2105
4184,3469,3438,6909
4205,2502,2883,5383
4207,27169,28045,55212
4208,9913,10051,19967
4209,24525,25547,50069
4210,9537,9943,19477
4211,29674,31131,60803
4212,13640,14409,28053
4213,14227,14811,29040
4214,18120,19116,37236
4215,24173,25997,50173
4216,17734,19700,37434
4217,20442,20397,40836
4218,15600,16264,31868
4220,14894,16342,31236
4221,13002,13805,26801
4222,0,0,0
4223,6708,7187,13896
4224,3172,3417,6590
4225,3902,3850,7754
4226,15382,16862,32244
4227,10145,11544,21689
4228,2657,2637,5298
4229,179,200,385
4230,776,896,1672
4270,1962,1983,3944
4271,1395,1499,2895
4272,2215,2399,4611
4275,1740,1690,3430
4280,8510,8348,16867
4285,9968,10284,20251
4287,476,349,824
4300,27677,27994,55666
4301,13910,14326,28239
4303,1966,1983,3946
4304,8642,8676,17319
4305,30445,32112,62554
4306,18149,17647,35798
4307,776,774,1553
4309,1488,1517,3006
4310,2836,2917,5756
4311,5361,5243,10601
4312,1321,1347,2668
4313,1147,1177,2324
4340,2638,2807,5449
4341,7256,7334,14589
4342,1302,1314,2621
4343,5743,5615,11359
4344,1331,1295,2624
4345,95,232,329
4346,446,425,873
4347,592,594,1187
4350,51002,55742,106746
4352,14319,14141,28459
4353,153,145,293
4354,588,613,1196
4355,1315,1370,2681
4356,2554,2627,5184
4357,1322,1266,2585
4358,1129,1137,2264
4359,629,618,1240
4360,293,299,590
4361,1351,1305,2660
4362,1249,1213,2464
4363,305,296,600
4364,122,102,218
4365,289,217,507
4370,9001,9527,18526
4371,355,354,710
4372,87,70,163
4373,505,531,1033
4374,182,175,358
4376,158,157,319
4378,259,247,510
4381,313,286,598
4382,276,248,518
4384,29,32,62
4387,647,636,1287
4388,210,202,418
4390,3428,3450,6877
4400,927,960,1889
4401,2915,2797,5720
4402,155,137,291
4403,420,390,810
4404,282,254,539
4405,7293,7192,14486
4406,791,674,1466
4407,273,257,529
4408,328,298,630
4410,553,571,1124
4411,155,136,291
4412,107,86,191
4413,4079,3945,8025
4415,993,994,1987
4416,272,230,502
4417,350,320,666
4418,62,50,109
4419,549,399,946
4420,587,593,1174
4421,1292,1193,2480
4422,255,226,485
4423,100,97,198
4424,136,102,236
4425,116,96,220
4426,70,56,126
4427,197,153,352
4428,368,300,664
4454,402,306,703
4455,4271,4216,8488
4461,33,24,52
4462,51,54,108
4465,631,599,1235
4467,103,89,198
4468,135,120,253
4470,1752,1827,3574
4472,701,730,1429
4474,55,32,89
4475,0,0,0
4477,245,224,471
4478,243,228,472
4479,8,9,15
4480,406,348,755
4481,67,52,124
4482,78,63,141
4486,377,328,709
4487,1566,1537,3098
4488,143,111,254
4489,60,38,94
4490,694,733,1425
4491,50,41,90
4492,153,148,302
4493,13,6,21
4494,77,72,151
4496,150,116,264
4497,171,155,329
4498,114,106,219
4500,20953,21445,42403
4501,2788,2871,5660
4502,4269,4410,8676
4503,21330,22319,43648
4504,9140,9436,18575
4505,10058,10391,20450
4506,10579,11230,21807
4507,8656,9491,18145
4508,9729,10120,19850
4509,14533,15574,30104
4510,23600,24705,48305
4511,4425,4667,9094
4512,1729,1712,3438
4514,4166,3235,7406
4515,2080,1980,4063
4516,2031,1932,3962
4517,380,383,763
4518,2521,2546,5061
4519,4071,4352,8422
4520,6636,6561,13201
4521,2347,2385,4731
4550,2141,2115,4255
4551,27175,29557,56733
4552,4107,4328,8431
4553,2915,2974,5887
4554,971,971,1944
4555,3379,3545,6926
4556,20307,23030,43334
4557,9151,9836,18990
4558,9112,10053,19163
4559,3144,3178,6322
4560,15218,16489,31712
4561,3656,3559,7212
4562,3985,4051,8035
4563,4146,4333,8476
4564,5251,5337,10592
4565,6969,7538,14502
4566,3849,4280,8126
4567,5404,5616,11016
4568,1774,1779,3558
4569,799,825,1625
4570,20951,21472,42426
4571,415,393,811
4572,1908,2047,3957
4573,12694,13578,26276
4574,652,645,1300
4575,11584,12190,23777
4580,2488,2390,4881
4581,826,703,1525
4600,448,442,895
4601,580,587,1169
4605,2395,2441,4839
4606,1211,1230,2448
4608,467,440,909
4610,7342,7498,14840
4611,57,59,115
4612,139,117,257
4613,464,405,865
4614,595,582,1178
4615,3584,3460,7053
4620,219,182,398
4621,913,875,1788
4625,1380,1375,2756
4626,1145,1060,2209
4627,455,414,875
4630,1222,1183,2406
4650,17060,16830,33889
4655,28576,30967,59546
4659,2405,2384,4793
4660,3630,3518,7145
4662,396,400,793
4670,38877,40734,79606
4671,3175,2879,6059
4673,321,328,649
4674,790,665,1456
4676,83,77,159
4677,1868,1679,3552
4678,462,392,852
4680,27686,26480,54167
4694,97,92,189
4695,582,533,1119
4697,80,67,144
4699,239,213,457
4700,8529,8911,17435
4701,21142,21616,42761
4702,14928,13681,28611
4703,11228,11306,22533
4704,81,57,138
4705,202,155,352
4706,58,49,101
4707,143,104,251
4709,645,480,1129
4710,2435,2408,4845
4711,978,873,1852
4712,158,119,277
4713,466,494,960
4714,1535,1401,2941
4715,3635,3489,7123
4716,453,430,881
4717,2604,2143,4751
4718,1294,1085,2379
4719,518,487,1004
4720,7283,7110,14396
4721,1897,1823,3719
4722,983,840,1816
4723,718,702,1419
4724,293,280,578
4725,766,768,1534
4726,201,209,406
4727,146,121,265
4728,105,97,204
4730,1559,1666,3233
4731,112,105,220
4732,75,58,132
4733,97,90,187
4735,504,465,966
4736,57,46,100
4737,4189,3950,8139
4738,628,549,1180
4739,177,158,333
4740,40283,39806,80092
4741,3838,3240,7074
4742,678,459,1138
4743,362,260,621
4744,4652,4086,8735
4745,1694,1297,2989
4746,1073,859,1934
4750,2871,2880,5749
4751,2298,2206,4502
4753,2193,2094,4285
4754,1152,1094,2251
4756,311,295,607
4757,183,164,351
4798,358,329,687
4799,572,490,1062
4800,4806,4512,9323
4801,162,105,264
4802,5055,4776,9832
4803,1011,861,1866
4804,888,838,1726
4805,5607,5220,10827
4806,1978,1899,3872
4807,5541,5496,11034
4808,587,528,1115
4809,543,460,1005
4810,11035,10808,21840
4811,6830,6311,13145
4812,9142,9659,18803
4814,23273,22856,46124
4815,10288,10743,21035
4816,4846,4423,9270
4817,14805,15607,30409
4818,14237,13979,28222
4819,1172,1163,2342
4820,5321,5522,10842
4821,669,657,1324
4822,412,379,787
4823,515,403,922
4824,1553,1216,2764
4828,100,112,211
4829,245,225,467
4830,882,835,1713
4849,720,650,1368
4850,5575,5339,10920
4852,1899,1787,3692
4854,2915,2569,5481
4855,403,363,769
4856,346,366,711
4858,749,734,1486
4859,241,219,466
4860,5695,5594,11293
4861,736,721,1454
4865,4092,4025,8114
4868,10725,11337,22063
4869,9344,9665,19016
4870,34980,36022,71005
4871,5742,5236,10977
4872,2042,1858,3898
4873,3301,3162,6456
4874,2793,2452,5241
4875,4065,4032,8099
4876,1378,1448,2829
4877,2589,2548,5140
4878,6662,6824,13483
4879,9609,9834,19448
4880,7071,6223,13294
4881,2235,2263,4495
4882,1357,1356,2716
4883,4011,4415,8428
4884,929,941,1867
4885,1868,1935,3806
4886,414,432,844
4887,996,1041,2037
4888,1585,1515,3097
4890,633,646,1279
4891,293,245,531
4892,2805,2804,5616
4895,2354,2100,4446
3000,18481,19496,37979
3002,2348,2612,4957
3003,2990,2527,5516
3004,4529,4775,9311
3005,274,253,523
3006,9464,9345,18811
3008,5377,5061,10438
3010,720,872,1595
3011,11092,10375,21464
3012,13315,12985,26295
3013,7236,7728,14967
3015,8557,8915,17472
3016,7652,7910,15558
3018,6106,6579,12685
3019,4664,4531,9199
3020,22754,22027,44784
3021,27236,26960,54190
3022,1561,1543,3102
3023,31828,32148,63974
3024,11774,12069,23852
3025,5937,6219,12155
3026,54,20,72
3027,3360,3290,6650
3028,14510,14684,29198
3029,47600,46346,93946
3030,49807,50506,100311
3031,8848,9686,18533
3032,14504,14943,29449
3033,7017,7498,14512
3034,5663,5968,11633
3036,2922,2998,5921
3037,25150,26009,51156
3038,13573,13692,27258
3039,6873,7380,14252
3040,12431,13508,25939
3041,6096,6314,12412
3042,7620,8138,15762
3043,8710,9007,17715
3044,13218,13895,27116
3045,57,41,100
3046,16936,17124,34061
3047,10732,10174,20901
3048,8939,9083,18025
3049,4494,4766,9266
3050,61,59,119
3051,7202,7733,14939
3052,2673,3018,5697
3053,8525,10014,18538
3054,3970,4462,8426
3055,6798,7358,14160
3056,11936,12534,24475
3057,5444,6060,11502
3058,16402,17379,33783
3059,7778,7689,15466
3060,7140,6902,14040
3061,2601,2458,5059
3062,0,0,0
3063,283,290,574
3064,37678,37784,75458
3065,5122,5322,10447
3066,4221,4289,8512
3067,4114,4086,8199
3068,8771,9896,18665
3070,11528,13034,24567
3071,8780,9784,18569
3072,16087,16764,32848
3073,24743,25739,50479
3074,10253,10269,20522
3075,11272,11323,22594
3076,16085,16307,32395
3078,5619,6025,11638
3079,7642,8346,15990
3081,6525,6897,13424
3082,14608,15105,29713
3083,15710,15813,31526
3084,12367,13154,25514
3085,6823,7059,13882
3086,368,542,908
3087,4439,4598,9033
3088,12996,13896,26890
3089,5822,5911,11739
3090,1192,1170,2362
3091,833,753,1585
3093,1866,2028,3891
3094,4343,4625,8963
3095,13539,14234,27770
3096,958,1006,1966
3097,734,716,1443
3099,2407,2471,4877
3101,11741,12854,24604
3102,3286,3351,6634
3103,7156,8189,15343
3104,9923,10480,20404
3105,5329,5553,10877
3106,7993,8629,16620
3107,6464,7089,13557
3108,10007,10818,20823
3109,13664,14696,28357
3111,5892,6453,12348
3113,4263,4190,8460
3114,1986,1837,3823
3115,1928,1870,3799
3116,4898,4965,9872
3121,14882,15621,30502
3122,11447,12067,23508
3123,6830,7494,14319
3124,10287,11801,22091
3125,7098,7929,15021
3126,3784,4268,8060
3127,8805,9638,18445
3128,9563,10263,19832
3129,8348,9026,17374
3130,15559,16620,32171
3131,10795,11706,22499
3132,7801,8350,16148
3133,10692,11431,22119
3134,16063,16712,32782
3135,9736,10219,19954
3136,21110,23261,44373
3137,6707,7166,13872
3138,10833,11125,21964
3139,6855,6866,13722
3140,7948,8582,16532
3141,11925,13229,25149
3142,5942,6967,12912
3143,4141,4912,9052
3144,5170,5714,10885
3145,11191,12106,23294
3146,12225,13025,25256
3147,7136,7499,14634
3148,4271,4370,8643
3149,16411,17199,33612
3150,29338,30739,60082
3151,5058,5211,10269
3152,15934,17155,33089
3153,10006,10548,20552
3154,2181,2236,4418
3155,10805,11391,22193
3156,18433,19027,37458
3158,3326,3324,6648
3159,1315,1333,2652
3160,4488,4522,9014
3161,7370,7904,15271
3162,8406,9048,17452
3163,15710,16638,32355
3165,13466,14166,27636
3166,11647,12114,23759
3167,4591,4665,9259
3168,10184,10010,20200
3169,10187,9939,20122
3170,9621,9748,19370
3171,11159,10554,21713
3172,11431,11660,23091
3173,12749,13043,25785
3174,19326,19139,38465
3175,27960,25338,53297
3177,5943,5365,11305
3178,16574,17100,33669
3179,3006,3017,6019
3180,3682,3782,7462
3181,9830,10434,20267
3182,11843,11548,23394
3183,9120,9374,18491
3184,7307,8243,15547
3185,6149,6781,12932
3186,10883,12373,23258
3187,7583,8409,15997
3188,8721,9358,18082
3189,2899,2995,5894
3190,4918,5534,10457
3191,4864,5382,10242
3192,10636,11661,22292
3193,9352,10152,19505
3194,6210,6748,12965
3195,17460,18404,35867
3196,12109,13223,25329
3197,5546,6001,11547
3198,8108,8357,16462
3199,26193,28106,54299
3200,2847,2913,5759
3201,10177,10531,20713
3202,1460,1452,2907
3204,14893,15740,30642
3205,5318,5603,10919
3206,5075,5289,10366
3207,7739,8437,16180
3211,673,649,1319
3212,8669,7980,16650
3213,2001,2025,4032
3214,11688,12274,23960
3215,9872,10746,20615
3216,27179,29104,56285
3217,3286,3318,6607
3218,6392,7050,13438
3219,9354,10363,19719
3220,7879,8477,16352
3221,386,363,754
3222,7185,7771,14962
3223,3604,3793,7401
3224,6885,7304,14187
3225,1882,2174,4058
3226,6800,7363,14161
3227,2388,2430,4821
3228,8813,9122,17939
3230,1270,1275,2548
3231,630,632,1257
3232,543,566,1111
3233,1001,1024,2029
3234,91,92,179
3235,205,174,380
3236,99,126,230
3237,124,93,218
3238,121,99,219
3239,215,211,423
3240,1035,984,2026
3241,1266,1306,2565
3242,433,393,828
3243,199,160,357
3249,1649,1547,3204
3250,5991,6258,12250
3251,283,239,522
3254,154,154,307
3260,2365,2402,4768
3264,1134,1159,2289
3265,1350,1264,2614
3266,1550,1521,3071
3267,124,125,245
3268,1335,1270,2601
3269,382,345,729
3270,133,116,251
3271,102,91,193
3272,761,772,1533
3273,72,74,146
3274,125,121,242
3275,217,213,426
3276,249,231,479
3277,981,943,1922
3278,162,154,315
3279,140,152,291
3280,15079,16493,31568
3281,878,822,1702
3282,1198,1168,2363
3283,693,669,1361
3284,1634,1806,3437
3285,613,593,1210
3286,276,292,564
3287,215,218,436
3289,388,371,757
3292,92,96,187
3293,157,147,302
3294,476,481,954
3300,4790,5298,10087
3301,620,592,1212
3302,188,192,371
3303,171,165,338
3304,1371,1360,2725
3305,6373,6446,12815
3309,62,58,126
3310,137,133,272
3311,828,872,1696
3312,542,495,1033
3314,278,249,525
3315,803,827,1629
3317,114,85,197
3318,621,648,1265
3319,179,165,345
3321,779,741,1519
3322,90,84,176
3323,44,45,88
3324,280,249,531
3325,247,232,480
3328,834,887,1720
3329,146,138,284
3330,123,96,222
3331,3027,2974,5996
3332,513,495,1013
3333,420,412,827
3334,277,285,566
3335,2951,2907,5859
3337,17876,18576,36455
3338,11483,11929,23419
3340,10320,10800,21123
3341,854,808,1666
3342,1698,1744,3440
3345,549,603,1151
3350,28364,30780,59147
3351,4213,3956,8169
3352,8317,7681,16000
3355,6168,6844,13016
3356,7686,8634,16322
3357,1848,1866,3714
3360,379,388,765
3361,327,356,680
3363,1673,1808,3476
3364,1089,1062,2149
3370,876,906,1782
3371,529,464,990
3373,1142,1152,2291
3374,204,198,399
3375,96,111,206
3377,5027,4383,9414
3378,80,70,149
3379,426,379,801
3380,2915,3115,6033
3381,632,577,1211
3384,273,270,547
3385,278,237,517
3387,163,146,315
3388,294,270,562
3390,463,451,914
3391,94,77,172
3392,284,299,581
3393,1345,1342,2684
3395,192,169,361
3396,360,372,738
3400,6928,7613,14541
3401,2304,2116,4418
3407,222,193,422
3409,472,456,937
3412,144,158,299
3413,112,103,220
3414,888,938,1824
3415,25,15,40
3418,1370,1396,2771
3419,379,430,806
3420,154,124,277
3423,250,227,480
3424,393,377,769
3427,1386,1377,2761
3428,348,328,680
3429,17675,18622,36296
3430,166,157,322
3431,1919,2028,3945
3432,99,94,196
3433,121,100,216
3434,2538,2525,5070
3435,1444,1435,2878
3437,5134,5307,10445
3438,1184,1204,2386
3440,1038,1000,2040
3441,701,638,1337
3442,3568,3896,7463
3444,4460,4732,9197
3446,523,504,1028
3447,225,225,448
3448,437,434,878
3450,3160,3669,6838
3451,3097,2553,5654
3453,873,849,1725
3458,970,981,1947
3460,1136,1427,2566
3461,2082,2061,4150
3462,590,588,1173
3463,1199,1254,2454
3464,564,555,1118
3465,4722,5044,9770
3467,611,584,1196
3468,136,149,284
3469,143,140,278
3472,783,690,1482
3475,186,162,348
3477,434,389,824
3478,1184,1268,2457
3480,930,928,1862
3482,90,74,169
3483,447,448,888
3485,164,136,302
3487,48,48,96
3488,58,55,110
3489,27,23,53
3490,660,639,1290
3491,65,67,133
3494,374,286,661
3496,3150,3069,6224
3498,2710,2614,5324
3500,15744,16996,32738
3501,980,953,1939
3505,2418,2418,4829
3506,19,14,37
3507,77,79,157
3509,112,114,231
3512,196,177,371
3515,962,981,1940
3516,360,335,694
3517,717,705,1416
3518,681,630,1307
3520,97,83,179
3521,327,335,660
3522,172,164,334
3523,1803,1819,3619
3525,668,633,1302
3527,371,413,785
3529,66,52,120
3530,71,52,125
3531,106,89,191
3533,397,384,779
3537,498,544,1042
3540,141,148,286
3542,84,71,155
3544,136,115,249
3546,207,197,403
3549,1816,1713,3527
3550,19273,21068,40341
3551,14731,14838,29564
3555,9341,10348,19688
3556,6387,6705,13087
3557,390,390,785
3558,471,447,916
3559,296,249,545
3561,2198,2244,4434
3562,147,130,278
3563,426,384,808
3564,7696,8245,15944
3565,56,50,107
3566,280,279,556
3567,352,303,654
3568,1432,1516,2948
3570,368,383,752
3571,161,160,319
3572,72,79,151
3573,172,161,331
3575,396,411,807
3576,34,38,72
3579,2645,2716,5362
3580,520,471,990
3581,91,73,163
3583,117,89,208
3584,606,535,1139
3585,5484,5724,11205
3586,422,407,825
3588,191,169,359
3589,192,164,347
3590,169,173,335
3591,84,83,164
3594,275,255,529
3595,337,326,665
3596,52,44,96
3597,232,188,413
3599,77,61,133
3607,64,69,136
3608,1194,1227,2417
3610,988,728,1714
3612,883,831,1708
3614,455,426,882
3616,2697,2660,5353
3617,69,87,163
3618,355,323,675
3620,4063,4181,8241
3621,1200,1166,2368
3622,228,231,456
3623,472,425,903
3624,286,271,558
3629,4455,4674,9130
3630,15311,15956,31266
3631,5818,5795,11610
3633,311,293,604
3634,938,861,1798
3635,276,263,536
3636,2533,2714,5241
3637,317,275,593
3638,1036,1039,2075
3639,279,253,524
3640,547,455,1000
3641,640,597,1233
3646,290,299,586
3647,16,26,40
3649,210,221,431
3658,3098,3122,6221
3659,391,343,734
3660,3787,3790,7577
3662,683,396,1075
3663,88,92,180
3664,544,528,1072
3665,178,179,357
3666,2320,2381,4700
3669,637,698,1337
3670,301,267,571
3672,4907,5418,10330
3673,876,861,1729
3675,919,884,1803
3677,8461,9639,18101
3678,3229,3121,6357
3682,320,289,616
3683,865,897,1760
3685,1318,1402,2718
3687,549,545,1098
3688,622,613,1237
3690,16286,17236,33522
3694,83,6,92
3695,230,244,472
3697,280,295,575
3698,431,435,862
3699,553,560,1124
3700,667,648,1317
3701,563,510,1075
3704,12,13,20
3705,137,125,261
3708,32,24,58
3709,156,136,295
3711,250,248,493
3712,187,169,353
3713,545,477,1026
3714,1706,1798,3512
3715,168,139,308
3717,1341,1311,2654
3718,35,38,72
3719,181,186,371
3720,328,246,569
3722,2412,2607,5020
3723,1538,1467,3003
3725,326,301,631
3726,202,199,404
3727,177,129,305
3728,315,317,635
3730,4350,4481,8831
3732,301,293,595
3733,99,122,219
3735,307,296,609
3737,2122,2182,4302
3738,108,111,222
3739,108,106,215
3740,515,560,1075
3741,1524,1576,3098
3744,237,218,453
3746,202,182,385
3747,2295,2337,4628
3749,902,985,1889
3750,4507,4547,9060
3751,150,123,272
3752,11810,12250,24057
3753,1194,1142,2328
3754,18329,19420,37758
3755,126,125,251
3756,5949,5978,11926
3757,4474,4486,8955
3758,1142,1037,2182
3759,508,551,1062
3760,184,187,372
3761,635,595,1230
3762,71,65,131
3763,806,730,1536
3764,4509,4656,9161
3765,3311,3452,6764
3766,643,595,1240
3767,609,640,1253
3770,1615,1601,3222
3775,1940,1923,3865
3777,5203,5549,10753
3778,104,99,199
3779,209,185,394
3781,2255,2223,4471
3782,3947,3885,7824
3783,1208,1137,2350
3785,43,34,77
3786,765,757,1520
3787,517,540,1059
3788,886,855,1742
3789,133,141,265
3791,733,703,1440
3792,522,541,1064
3793,1765,1813,3575
3795,634,616,1249
3796,4827,4873,9698
3797,1769,1707,3474
3799,2865,2938,5800
3800,1084,1126,2211
3802,12158,12136,24292
3803,5406,5452,10856
3804,4040,4055,8096
3805,28379,28554,56937
3806,23607,24913,48521
3807,3554,3538,7096
3808,1569,1462,3031
3809,3557,3651,7212
3810,23221,24672,47892
3812,1146,1164,2310
3813,458,432,886
3814,1133,1121,2257
3815,1491,1529,3020
3816,1350,1372,2717
3818,6855,7307,14170
3820,7586,8364,15952
3821,1418,1497,2918
3822,486,500,983
3823,916,921,1839
3824,2427,2576,5003
3825,9971,10315,20282
3831,859,844,1701
3832,116,132,249
3833,161,142,304
3835,239,235,472
3840,8150,8332,16478
3842,2335,2450,4784
3844,14031,14950,28981
3847,1107,1092,2191
3850,7103,7682,14782
3851,3331,2357,5689
3852,66,22,92
3854,712,694,1400
3856,496,497,992
3857,188,174,368
3858,1523,1499,3026
3859,433,400,834
3860,3489,3687,7171
3862,1568,1592,3157
3864,116,104,218
3865,239,210,445
3869,809,817,1624
3870,623,642,1265
3871,1435,1468,2904
3873,171,151,323
3874,291,267,558
3875,8888,9741,18625
3878,562,535,1098
3880,1988,2048,4037
3882,565,527,1094
3885,957,910,1868
3886,197,196,395
3887,181,164,342
3888,1700,1717,3421
3889,110,73,179
3890,179,146,324
3891,58,44,104
3892,525,540,1060
3893,10,9,22
3895,97,98,194
3896,215,188,405
3898,387,400,790
3900,89,64,151
3902,203,209,412
3903,393,357,746
3904,722,728,1452
3909,3840,4060,7901
3910,11010,11576,22587
3911,1699,1711,3413
3912,7368,7787,15154
3913,1619,1715,3337
3915,4770,5190,9960
3916,475,477,952
3918,1884,1821,3704
3919,1578,1601,3182
3920,759,277,1037
3921,59,55,114
3922,3702,4040,7740
3923,249,274,516
3925,1655,1725,3377
3926,1578,1663,3240
3927,805,865,1671
3928,194,218,413
3929,438,464,906
3930,8666,9220,17889
3931,11162,12825,23991
3933,556,548,1101
3934,8975,9576,18547
3936,5320,5707,11024
3937,774,747,1519
3938,1390,1434,2820
3939,6887,7638,14522
3940,2233,2696,4930
3941,6046,6132,12174
3942,1134,1178,2317
3943,777,819,1593
3944,254,251,510
3945,491,491,976
3946,107,105,216
3950,2302,2500,4798
3951,509,490,1005
3953,3793,4065,7859
3954,190,215,404
3956,1449,1372,2818
3957,142,140,279
3958,135,138,272
3959,563,591,1153
3960,1183,1293,2477
3962,443,470,913
3964,66,65,133
3965,117,94,208
3966,269,235,510
3967,68,60,127
3971,2031,1989,4017
3975,7580,7665,15246
3976,12980,12549,25532
3977,46291,47032,93322
3978,5228,5422,10648
3979,166,154,315
3980,1739,1613,3350
3981,2386,2515,4901
3984,2623,2584,5212
3987,746,781,1527
3988,494,503,1001
3990,51,53,110
3991,182,178,357
3992,487,477,966
3995,4872,5300,10171
3996,2652,2892,5541
7000,6863,6977,13835
7001,0,0,0
7004,3516,3963,7477
7005,6469,6828,13308
7007,1534,1534,3065
7008,5800,6175,11977
7009,6119,6330,12454
7010,8039,8807,16845
7011,7061,7631,14696
7012,440,394,835
7015,4830,5502,10331
7016,1614,1255,2873
7017,2773,2841,5616
7018,9999,11032,21027
7019,2886,3221,6109
7020,1261,1212,2471
7021,1154,1253,2408
7022,432,453,885
7023,161,172,332
7024,267,259,524
7025,835,864,1700
7026,483,453,933
7027,159,134,296
7030,8634,8770,17402
7050,5899,6505,12404
7052,3393,3750,7140
7053,1706,1869,3574
7054,4288,4449,8740
7055,205,228,433
7109,4356,4452,8813
7112,1524,1541,3062
7113,544,551,1097
7116,1142,1111,2254
7117,448,414,857
7119,22,17,40
7120,935,896,1828
7139,0,0,0
7140,5502,5474,10975
7150,1447,1390,2837
7155,425,375,798
7162,306,283,588
7163,167,163,325
7170,2581,2429,5008
7171,1585,1690,3282
7172,1737,1916,3653
7173,3336,3264,6598
7174,97,84,181
7175,99,97,196
7176,88,78,164
7177,214,189,406
7178,164,147,310
7179,196,185,380
7180,82,76,152
7182,131,127,263
7183,30,24,51
7184,393,402,799
7185,56,44,97
7186,93,77,168
7187,68,61,136
7190,1588,1528,3111
7209,198,209,405
7210,514,532,1037
7211,122,116,241
7212,967,963,1931
7213,153,148,300
7214,327,288,611
7215,1751,1629,3383
7216,1658,1698,3354
7248,7804,7976,15777
7249,5996,6771,12774
7250,23024,25027,48052
7252,1413,1370,2785
7253,2432,2490,4925
7254,259,224,488
7255,456,378,836
7256,807,774,1583
7257,31,39,70
7258,483,476,963
7259,240,219,462
7260,1568,1647,3219
7261,146,129,270
7262,853,853,1710
7263,312,288,594
7264,346,297,641
7265,115,116,233
7267,411,363,768
7268,539,501,1035
7270,2042,2042,4088
7275,1553,1586,3137
7276,270,302,568
7277,2808,2904,5707
7290,1131,1142,2276
7291,277,282,560
7292,329,281,608
7300,1683,1744,3422
7301,2122,2182,4305
7302,868,801,1671
7303,1345,1372,2717
7304,2925,3015,5936
7305,586,581,1169
7306,2015,1939,3953
7307,4960,5165,10124
7310,12919,14181,27100
7315,7093,7564,14659
7316,2864,3022,5887
7320,7748,8491,16242
7321,2410,2264,4666
7322,1896,2000,3903
7325,4241,4345,8592
7330,3344,3243,6592
7331,286,269,551
7466,4,8,13
7467,924,866,1791
7468,356,349,708
7469,405,362,765
7470,377,335,707
5000,7921,7188,15113
5005,0,0,0
5006,3391,3563,6953
5007,3512,3571,7082
5008,6858,6824,13680
5009,2531,2499,5025
5010,2746,3103,5848
5011,5791,5920,11715
5012,5596,5573,11167
5013,5023,4964,9980
5014,5697,6065,11765
5015,2808,2887,5694
5016,4186,4659,8847
5017,2410,2610,5024
5018,2761,2802,5571
5019,4378,4743,9117
5020,1514,1598,3111
5021,2805,2987,5791
5022,7777,7969,15741
5023,7921,8646,16571
5024,6727,7117,13847
5025,4017,4238,8254
5031,4852,5077,9929
5032,6248,6461,12711
5033,4114,4260,8373
5034,4767,5280,10047
5035,2974,3129,6102
5037,5226,5563,10791
5038,7416,7843,15263
5039,4291,4560,8852
5040,1197,1315,2505
5041,6395,6995,13393
5042,5159,5674,10836
5043,8821,9963,18783
5044,5127,5751,10878
5045,7499,8088,15591
5046,4287,4805,9087
5047,3963,4300,8262
5048,6670,7549,14224
5049,4769,4995,9763
5050,2711,2890,5602
5051,6996,7083,14074
5052,3118,3244,6370
5061,4595,5100,9691
5062,7144,7777,14917
5063,5768,6536,12306
5064,4550,5306,9854
5065,4691,5506,10200
5066,5669,6051,11720
5067,4972,5170,10142
5068,5557,6633,12187
5069,4106,4182,8293
5070,6732,7546,14272
5072,6070,6595,12662
5073,7431,7799,15237
5074,6332,6618,12940
5075,5158,5469,10630
5076,4559,4614,9176
5081,4522,4752,9274
5082,7543,7391,14930
5083,3721,3772,7491
5084,5355,4702,10058
5085,10157,9815,19972
5086,7807,8337,16146
5087,5514,5857,11377
5088,1620,1676,3294
5089,3334,3251,6584
5090,3648,4238,7887
5091,3688,3814,7506
5092,8656,8917,17569
5093,4506,4506,9010
5094,474,430,899
5095,10307,10222,20524
5096,6714,6675,13387
5097,6673,6892,13561
5098,6087,6234,12318
5106,122,79,199
5107,8521,8584,17095
5108,20213,20392,40610
5109,10313,10543,20856
5110,4406,4556,8958
5111,245,31,276
5112,9647,9782,19422
5113,9487,9407,18888
5114,16628,17334,33958
5115,5071,5318,10392
5116,4495,4953,9454
5117,1489,1437,2924
5118,8996,9415,18411
5120,1035,942,1978
5121,839,836,1674
5125,9276,9942,19222
5126,3597,3583,7179
5127,3711,4051,7759
5131,497,482,984
5132,215,212,428
5133,192,197,389
5134,224,212,432
5136,274,252,532
5137,298,275,576
5138,150,140,289
5139,119,116,232
5140,213,208,419
5141,341,342,680
5142,263,314,573
5144,212,205,417
5150,31,28,56
5151,192,178,364
5152,3020,3114,6132
5153,3229,3198,6424
5154,1628,1727,3355
5155,1855,1970,3824
5156,501,448,952
5157,1451,1464,2913
5158,12180,12559,24738
5159,16219,16716,32934
5160,15,11,24
5161,5008,5146,10152
5162,16710,17589,34292
5163,6890,7238,14120
5164,2554,2732,5288
5165,2696,2687,5383
5166,962,915,1879
5167,2822,2883,5705
5168,2710,2790,5499
5169,8228,8855,17086
5170,551,603,1151
5171,2884,3036,5919
5172,1943,1983,3932
5173,6161,6608,12769
5174,1464,1451,2917
5201,974,970,1942
5202,447,428,873
5203,624,639,1273
5204,1390,1436,2826
5210,853,869,1718
5211,7201,8075,15275
5212,1013,1083,2100
5213,592,565,1157
5214,4015,4376,8393
5220,78,74,153
5221,143,145,285
5222,321,307,628
5223,1864,1777,3640
5231,625,599,1223
5232,218,205,424
5233,742,727,1474
5234,655,646,1301
5235,1235,1240,2478
5236,156,145,300
5237,193,165,363
5238,2082,2005,4087
5240,261,229,482
5241,1204,1320,2525
5242,779,839,1617
5243,403,424,831
5244,2158,2108,4264
5245,1503,1582,3083
5250,1719,1803,3520
5251,6953,7671,14625
5252,3220,3296,6512
5253,9223,9268,18490
5254,1249,1134,2387
5255,4480,4769,9247
5256,687,675,1357
5259,608,497,1110
5260,865,890,1758
5261,198,171,366
5262,230,183,411
5263,79,64,141
5264,606,647,1252
5265,233,197,434
5266,344,282,623
5267,1007,947,1961
5268,1858,1684,3548
5269,138,112,259
5270,323,285,604
5271,3848,3581,7425
5272,421,370,795
5273,58,49,113
5275,1248,1164,2409
5276,598,583,1184
5277,1512,1405,2917
5278,284,242,517
5279,258,272,527
5280,3673,3694,7370
5290,12352,13161,25513
5291,4982,4182,9167
5301,304,264,572
5302,424,426,847
5303,119,95,209
5304,400,369,772
5306,43,31,77
5307,282,293,578
5308,79,63,141
5309,86,69,158
5310,35,31,63
5311,224,204,424
5320,339,308,651
5321,398,146,544
5322,530,462,996
5330,1672,1695,3372
5331,169,150,320
5332,204,201,404
5333,2858,2952,5809
5340,722,704,1431
5341,3800,3862,7663
5342,563,556,1125
5343,2390,2460,4846
5344,531,452,984
5345,1787,1801,3585
5346,199,182,383
5350,250,222,474
5351,2976,2887,5861
5352,2559,2660,5216
5353,1902,1870,3770
5354,204,158,365
5355,3689,3899,7590
5356,436,376,810
5357,226,196,425
5360,583,538,1120
5371,667,598,1263
5372,1101,1112,2213
5373,1731,1699,3423
5374,751,729,1479
5381,204,180,385
5400,426,447,878
5401,426,425,848
5410,150,163,318
5411,161,163,326
5412,588,622,1208
5413,427,405,832
5414,80,71,151
5415,108,112,222
5416,123,125,245
5417,711,774,1483
5418,57,55,117
5419,119,101,224
5420,43,43,79
5421,77,67,139
5422,844,846,1685
5431,452,454,908
5432,66,75,139
5433,615,643,1262
5434,227,235,458
5440,149,113,259
5451,352,339,696
5452,239,210,444
5453,2424,2510,4935
5454,213,183,397
5455,30,26,57
5460,363,385,745
5461,1252,1296,2552
5462,270,248,517
5464,351,292,638
5470,82,60,140
5471,46,42,86
5472,86,80,163
5473,384,372,756
5480,405,366,774
5481,295,269,558
5482,251,265,521
5483,176,164,341
5485,288,299,586
5490,88,91,177
5491,895,919,1817
5493,42,48,89
5495,313,277,592
5501,3815,3507,7321
5502,778,765,1545
5510,62,49,111
5520,310,281,589
5521,74,70,147
5522,701,723,1426
5523,940,996,1935
5540,7526,7822,15347
5550,493,420,913
5552,206,177,387
5554,2582,2655,5234
5555,273,226,502
5556,2014,2021,4040
5558,2422,2404,4828
5560,247,218,469
5570,302,243,537
5571,953,898,1847
5572,76,74,147
5573,1026,1020,2043
5575,1196,1138,2334
5576,539,528,1076
5577,286,241,528
5580,178,174,348
5581,286,254,541
5582,329,320,647
5583,418,370,787
5600,3177,3032,6207
5601,255,213,468
5602,711,636,1346
5603,238,209,444
5604,104,98,197
5605,808,880,1688
5606,6960,7168,14129
5607,2692,2229,4918
5608,6611,6739,13353
5609,951,997,1949
5630,74,66,136
5631,508,541,1045
5632,134,122,253
5633,164,153,320
5640,512,502,1015
5641,525,498,1021
5642,139,114,252
5650,93,84,175
5651,41,35,76
5652,351,375,727
5653,48,37,79
5654,132,110,241
5655,54,43,102
5660,24,24,50
5661,82,69,151
5670,253,224,484
5671,97,65,165
5680,1118,998,2117
5690,1850,1809,3657
5700,5450,5683,11132
5701,8,10,10
5710,1581,1087,2673
5713,15,8,17
5715,17,24,40
5717,8,0,16
5719,25,18,44
5720,121,71,194
5722,174,138,311
5723,1198,863,2062
5724,216,216,436
5725,2223,1662,3891
5730,52,45,100
5731,342,155,499
5732,122,82,210
5733,145,86,233
5734,89,80,169
5950,0,0,0
5960,5,0,5
2600,3383,3860,7247
2601,3129,3231,6365
2602,14670,15777,30448
2603,4643,4716,9357
2604,5029,5352,10382
2605,5602,6123,11726
2606,4652,4763,9420
2607,6659,6950,13613
2609,511,376,885
2612,8651,7538,16185
2614,9489,9898,19388
2615,21667,22508,44173
2617,16257,16246,32499
2900,945,985,1924
2902,7316,7583,14900
2903,4558,4646,9207
2904,6206,6660,12864
2905,14075,14544,28621
2906,8534,9101,17636
2911,2225,2243,4462
2912,3039,3105,6140
2913,17338,17722,35058
2914,12493,12714,25202
6000,8991,7509,16501
6003,1997,1851,3845
6004,6618,5980,12598
6005,3132,2994,6130
6006,4218,4392,8609
6007,3406,3625,7031
6008,7542,8322,15869
6009,9910,10174,20087
6010,8118,8638,16754
6011,4181,4708,8888
6012,3961,4717,8676
6014,9880,10515,20389
6015,3150,3371,6525
6016,4788,5116,9906
6017,2046,2019,4059
6018,17603,19924,37534
6019,10817,10978,21794
6020,9917,10517,20435
6021,9650,10365,20011
6022,2440,2456,4901
6023,7386,7697,15085
6024,6469,6640,13106
6025,14492,15018,29513
6026,10652,11399,22053
6027,20339,21169,41504
6028,10792,11350,22140
6029,1287,1388,2678
6030,18731,19796,38523
6031,7960,8457,16420
6032,101,97,192
6033,239,198,434
6034,787,832,1619
6035,4184,4448,8626
6036,7496,8113,15608
6037,1463,1450,2910
6038,2951,3246,6192
6041,757,746,1507
6042,32,29,60
6043,127,121,249
6044,609,600,1211
6050,7315,8073,15389
6051,6206,6069,12273
6052,5245,5704,10947
6053,7003,7364,14364
6054,9936,10193,20128
6055,10199,10723,20919
6056,19094,19778,38871
6057,8087,8340,16425
6058,6159,6393,12546
6059,11272,12037,23308
6060,10914,12317,23234
6061,19280,19096,38376
6062,16050,16462,32514
6063,7136,7112,14244
6064,15553,15582,31138
6065,29755,31393,61148
6066,9140,9384,18521
6067,31,40,69
6068,7,0,7
6069,18781,20059,38837
6070,1734,1841,3580
6071,1624,1698,3324
6072,438,437,878
6073,1422,1555,2977
6074,483,483,967
6076,10441,10938,21376
6077,715,690,1404
6078,491,412,902
6079,19,10,27
6081,2296,2276,4572
6082,1550,1587,3132
6083,1695,1723,3419
6084,4022,4101,8121
6090,6,0,3
6100,7643,7249,14890
6101,8183,8245,16427
6102,7064,6965,14037
6103,5361,5063,10419
6104,7499,7148,14645
6105,7432,7426,14862
6106,4,6,13
6107,22240,21588,43832
6108,11376,11661,23040
6109,6168,5874,12040
6110,20064,20417,40483
6111,11250,11492,22737
6112,27561,28720,56279
6121,1483,1452,2937
6122,8381,8730,17110
6123,777,754,1521
6124,563,609,1179
6125,1532,1554,3088
6126,492,132,625
6147,7620,7450,15076
6148,8488,9172,17662
6149,8925,9395,18323
6150,6859,7371,14231
6151,8348,8402,16751
6152,12258,13302,25555
6153,9389,10315,19705
6154,4757,5186,9943
6155,25616,25729,51343
6156,7767,8906,16669
6157,6164,7087,13257
6158,3454,3825,7278
6159,1588,1689,3278
6160,4265,4669,8937
6161,308,275,589
6162,5163,5715,10878
6163,24014,25692,49707
6164,27815,28888,56700
6165,47,40,84
6166,4598,4755,9350
6167,13361,12687,26050
6168,12447,12109,24555
6169,16438,17189,33624
6170,6045,6205,12241
6171,14664,16027,30692
6172,6338,6965,13302
6173,5711,5922,11634
6174,1775,1852,3626
6175,1743,1858,3600
6176,652,707,1363
6180,2498,2659,5160
6181,245,246,497
6182,0,0,0
6207,516,489,1009
6208,5536,5890,11428
6209,955,934,1891
6210,31311,34820,66129
6211,3327,3387,6713
6213,389,353,748
6214,305,281,586
6215,1979,2024,4005
6218,193,190,384
6220,2372,2297,4665
6221,250,241,492
6223,108,106,216
6224,585,535,1123
6225,4461,4427,8881
6226,404,398,794
6227,374,399,770
6228,91,82,171
6229,108,76,184
6230,20572,21815,42393
6232,5066,5446,10508
6233,8800,9300,18107
6236,1002,1023,2028
6237,1161,1249,2405
6239,2065,2184,4245
6240,57,64,118
6243,36,30,61
6244,686,710,1401
6251,204,179,382
6252,77,70,145
6253,286,319,606
6254,249,257,504
6255,1851,2001,3846
6256,198,183,383
6258,3264,3276,6544
6260,853,774,1626
6262,376,350,725
6271,1530,1642,3169
6275,689,646,1331
6280,13245,14649,27900
6281,3416,3535,6956
6282,667,685,1356
6284,1072,1082,2159
6285,4711,4941,9651
6286,323,291,611
6288,281,278,558
6290,817,845,1662
6302,1765,1815,3579
6304,841,806,1646
6306,527,517,1036
6308,783,765,1544
6309,132,118,246
6311,283,272,554
6312,2373,2530,4902
6313,145,137,276
6315,960,965,1926
6316,178,147,328
6317,2143,2024,4169
6318,260,241,496
6320,290,301,599
6321,238,226,470
6322,113,105,218
6323,492,461,957
6324,1810,1689,3494
6326,246,235,479
6327,144,127,266
6328,222,200,418
6330,17342,18050,35390
6333,2852,2926,5777
6335,390,373,763
6336,195,133,334
6337,305,245,555
6338,362,299,658
6341,164,119,289
6343,140,111,248
6346,588,328,918
6348,432,376,814
6350,140,149,289
6351,50,38,81
6352,112,91,202
6353,420,360,779
6355,223,186,406
6356,76,46,123
6357,39,34,68
6358,52,40,93
6359,424,224,651
6361,57,42,103
6363,53,41,97
6365,256,254,504
6367,177,171,349
6368,40,34,77
6369,329,327,654
6370,237,215,453
6372,72,52,117
6373,55,47,100
6375,480,449,936
6383,477,494,969
6384,21,11,34
6385,11,17,21
6386,57,39,101
6390,1370,906,2274
6391,519,447,969
6392,237,227,469
6393,64,46,109
6394,248,212,465
6395,805,806,1603
6396,178,166,346
6397,54,43,96
6398,294,270,560
6401,4273,3947,8221
6403,83,79,160
6405,165,147,315
6407,653,515,1169
6409,215,177,393
6410,513,519,1037
6411,59,54,118
6412,31,27,50
6413,29,20,46
6414,39,35,75
6415,1642,1418,3061
6418,350,342,692
6419,28,26,55
6420,55,42,98
6421,72,75,147
6422,26,21,51
6423,194,88,281
6424,43,38,85
6425,54,39,92
6426,672,406,1079
6427,322,49,372
6428,27,31,52
6429,537,461,999
6430,12108,11071,23183
6431,1023,512,1538
6432,3764,3381,7145
6434,203,80,282
6436,85,62,149
6437,1051,297,1345
6438,1019,451,1468
6440,2059,520,2579
6442,1705,1214,2916
6443,1112,637,1749
6445,96,95,189
6446,63,57,124
6447,106,65,175
6448,230,229,458
6450,6671,6666,13340
6452,8,14,23
6460,365,379,742
6461,263,265,525
6462,73,62,135
6463,11,5,12
6465,17,14,28
6466,34,28,64
6467,16,12,29
6468,134,103,232
6470,11,7,15
6472,109,78,191
6473,20,23,42
6475,199,190,384
6476,26,30,59
6477,152,115,271
6479,281,263,539
6480,20,24,50
6484,204,54,254
6485,260,235,496
6487,38,14,53
6488,103,97,200
6489,51,38,89
6490,131,120,247
6501,476,458,930
6502,575,590,1171
6503,1152,1081,2238
6504,67,79,150
6505,65,51,116
6506,32,22,57
6507,418,237,657
6509,144,88,227
6510,1046,973,2025
6511,311,275,588
6512,49,45,95
6513,123,97,219
6514,326,288,623
6515,168,135,302
6516,896,883,1781
6517,237,181,415
6518,140,111,259
6519,324,288,611
6521,215,188,403
6522,324,253,574
6525,1845,1850,3690
6528,191,203,395
6530,15731,16691,32424
6532,3494,3382,6872
6535,873,817,1688
6536,1414,1388,2796
6537,1103,970,2070
6556,1005,991,1999
6558,2226,390,2619
6560,645,678,1321
6562,630,606,1235
6564,164,149,312
6566,1596,1631,3230
6567,208,208,420
6568,114,100,213
6569,150,127,276
6571,31,42,75
6572,30,26,56
6574,41,36,81
6575,77,61,136
6603,582,528,1111
6605,20,18,38
6606,96,71,169
6608,75,62,137
6609,450,408,861
6612,158,104,265
6613,33,25,58
6614,10,11,19
6616,32,28,54
6620,645,222,867
6623,388,342,735
6625,28,24,50
6627,40,26,64
6628,22,24,46
6630,423,353,774
6631,20,14,31
6632,38,30,69
6635,590,178,769
6638,416,284,699
6639,90,55,147
6640,235,159,394
6642,1271,581,1850
6646,1158,347,1504
6701,4459,4030,8486
6705,245,175,425
6707,2567,2415,4988
6710,6918,1266,8189
6711,10,0,10
6712,5289,467,5752
6713,661,534,1194
6714,11688,8170,19862
6716,694,458,1146
6718,633,448,1088
6720,1861,1239,3099
6721,3989,2468,6455
6722,6115,4983,11099
6725,7314,7376,14697
6726,4322,4462,8780
6728,3781,3618,7391
6731,3,0,5
6733,3,3,3
6740,920,1041,1964
6743,4669,4411,9078
6751,5976,2584,8558
6753,8972,3448,12417
6754,1088,660,1749
6758,2118,483,2601
6760,699,343,1043
6762,1160,242,1402
6765,1111,1186,2299
6770,1786,1779,3563
