Postcode,Never married,Widowed,Divorced,Separated,Married,Not applicable
2600,1879,359,451,131,3368,1057
2601,5136,37,198,72,807,110
2602,11348,1250,2084,603,10058,5104
2603,2869,428,556,179,3845,1482
2604,3904,495,837,284,3474,1391
2605,2761,719,706,200,5030,2309
2606,3079,340,689,183,3672,1456
2607,3359,649,886,277,6063,2388
2609,293,54,154,60,243,89
2612,8864,368,938,283,4356,1381
2614,5359,894,1362,374,7750,3649
2615,11765,1349,3017,1010,17466,9565
2617,12352,887,1752,604,12095,4814
2900,605,82,203,57,765,226
2902,3941,426,1138,339,6095,2969
2903,2448,276,693,217,3774,1797
2904,3045,557,832,272,5872,2277
2905,8102,754,2151,742,11089,5791
2906,4996,416,1222,402,6974,3630
2911,1122,68,161,57,1978,1084
2912,1969,84,317,114,2447,1209
2913,9761,591,1957,662,14432,7651
2914,5621,251,962,421,10785,7160
3000,27307,222,1208,438,7584,1214
3002,2342,187,351,98,1683,299
3003,3395,46,234,78,1366,395
3004,4203,321,812,199,3209,563
3005,233,11,47,9,183,49
3006,10870,151,948,325,5613,904
3008,5024,94,571,196,3815,743
3010,1521,0,8,4,55,13
3011,9795,662,1405,534,6388,2684
3012,9618,938,1708,688,8883,4453
3013,5204,552,867,319,5204,2829
3015,5288,596,1106,399,6430,3652
3016,4220,614,1103,365,6318,2940
3018,3438,713,974,336,5131,2101
3019,3086,381,683,296,3059,1692
3020,13467,2197,2920,1381,17081,7736
3021,15332,2439,3947,1972,21015,9491
3022,949,232,226,104,1034,554
3023,15976,1603,3344,1693,26043,15307
3024,6060,470,1263,750,8844,6456
3025,3309,907,749,305,4635,2250
3026,26,7,20,13,5,0
3027,1363,56,200,116,3165,1749
3028,8538,1125,1962,897,11535,5148
3029,22130,1914,4075,2226,40070,23537
3030,23748,2659,5360,2432,41629,24484
3031,8189,582,1314,443,5092,2909
3032,11043,776,1747,697,10514,4674
3033,3399,847,785,368,6614,2494
3034,2843,807,610,274,5308,1785
3036,1398,295,294,121,2817,1001
3037,12591,1382,2482,1192,21643,11863
3038,7404,925,1268,635,12660,4366
3039,4822,563,816,280,5515,2273
3040,8158,1051,1398,542,10508,4283
3041,3390,444,610,262,5423,2283
3042,4196,895,1158,392,6437,2681
3043,4855,892,1335,537,7155,2946
3044,8099,1422,1479,551,10543,5022
3045,48,6,10,3,37,0
3046,9408,2037,1954,911,13705,6041
3047,5891,898,1377,698,7306,4730
3048,4861,677,1070,661,6684,4080
3049,2631,328,665,291,3761,1593
3050,28,7,10,13,38,24
3051,8736,280,861,286,3213,1566
3052,3294,299,270,66,1351,420
3053,13465,335,743,286,2606,1097
3054,4378,237,500,132,2255,928
3055,6349,537,827,260,4279,1906
3056,13171,797,1247,373,6281,2613
3057,6261,313,598,204,2924,1207
3058,12199,1476,1822,702,12000,5589
3059,4031,261,553,302,7267,3059
3060,3419,949,680,301,5673,3025
3061,1280,276,279,141,2057,1022
3062,0,0,0,0,0,0
3063,143,28,30,10,252,110
3064,18251,1628,3172,2022,30785,19604
3065,5562,279,837,267,2307,1198
3066,4854,201,668,234,1569,979
3067,4713,164,517,158,1997,649
3068,8780,521,1242,321,5169,2628
3070,10458,880,1391,451,7376,4014
3071,7640,782,1026,374,5763,2977
3072,12450,1402,1953,779,11011,5256
3073,15807,3135,3260,1271,18788,8217
3074,5383,1149,1158,619,8848,3366
3075,5515,1120,1306,670,9838,4149
3076,7923,1040,1744,835,13677,7180
3078,4643,359,677,222,3932,1811
3079,4684,681,880,283,6768,2683
3081,4930,641,1084,397,3988,2384
3082,8409,1025,1644,722,12852,5065
3083,10544,1390,1431,605,12916,4636
3084,6274,1256,1381,500,11308,4798
3085,3730,623,818,265,5798,2642
3086,836,0,3,0,45,21
3087,2453,413,559,214,3745,1658
3088,6592,1099,1655,635,11839,5072
3089,3175,272,644,261,5038,2344
3090,597,45,88,35,1121,477
3091,448,36,59,14,767,266
3093,996,230,262,71,1714,618
3094,2297,312,614,205,3808,1732
3095,6716,775,1518,473,12806,5478
3096,552,92,103,44,829,340
3097,356,25,64,21,680,286
3099,1314,137,288,110,2076,960
3101,8147,1082,1309,385,9733,3951
3102,1729,235,318,91,2914,1339
3103,4228,832,747,253,6829,2444
3104,5278,893,749,295,9392,3802
3105,2629,630,518,198,5260,1645
3106,3804,863,711,278,8379,2589
3107,2950,906,658,231,6514,2287
3108,5526,1169,1146,410,9794,2771
3109,6574,1388,1305,434,13926,4729
3111,2805,783,599,201,5849,2119
3113,2129,184,455,130,3860,1705
3114,938,105,109,46,1862,757
3115,927,72,141,57,1936,667
3116,2528,378,622,202,4392,1740
3121,16016,828,2055,616,7919,3062
3122,10699,543,1141,327,7740,3061
3123,5296,432,760,244,5294,2297
3124,6164,1151,1028,336,9553,3870
3125,6287,728,723,263,5065,1949
3126,2047,375,313,95,3822,1406
3127,4955,631,865,268,8337,3400
3128,7291,795,1156,340,7499,2757
3129,4835,700,948,324,7467,3103
3130,8180,1720,1730,540,14047,5959
3131,5679,1235,1405,403,9799,3981
3132,4123,603,1026,314,7069,3004
3133,4908,1043,1075,350,10785,3964
3134,8430,1431,2058,710,14022,6131
3135,5063,838,1412,450,8385,3805
3136,11616,2083,3369,1151,17987,8162
3137,3700,761,1035,368,5435,2570
3138,5990,757,1449,566,8866,4330
3139,3629,399,945,368,5566,2811
3140,4329,712,1148,477,6797,3067
3141,14110,624,1615,468,6539,1793
3142,4246,700,859,211,5458,1435
3143,3402,351,650,175,3242,1239
3144,3096,530,577,166,4627,1888
3145,7974,818,1043,314,9154,3980
3146,7246,814,1174,355,10896,4770
3147,3947,696,849,231,5990,2923
3148,3002,317,458,181,3343,1343
3149,8559,1569,1530,505,15743,5705
3150,14407,2926,2435,877,29600,9837
3151,2944,542,529,153,4639,1461
3152,8192,1764,1722,660,15518,5230
3153,5834,968,1756,558,7795,3632
3154,1201,189,307,102,1745,875
3155,6365,970,1955,645,8460,3796
3156,10342,1409,2617,882,15399,6810
3158,1969,143,510,154,2601,1270
3159,726,45,166,54,1129,530
3160,2538,224,670,242,3553,1783
3161,4773,809,888,206,6081,2513
3162,4644,941,1033,335,7437,3060
3163,11286,1133,1817,619,12581,4925
3165,6552,1245,1616,565,11869,5784
3166,7602,1045,1315,443,9427,3924
3167,2514,431,449,217,4134,1511
3168,10025,728,727,257,6392,2076
3169,5781,948,1108,363,8869,3050
3170,4736,974,917,353,9055,3337
3171,6295,1079,1489,543,8830,3480
3172,5738,1007,1557,528,10102,4159
3173,6335,963,1323,548,11510,5107
3174,10342,1909,3024,1082,15429,6676
3175,13739,2609,3386,1518,22193,9858
3177,3128,573,872,421,4123,2187
3178,8528,968,1657,624,15657,6235
3179,1594,171,339,140,2639,1138
3180,1838,282,505,160,3362,1313
3181,11042,805,1424,423,4901,1669
3182,13620,453,2036,556,4965,1770
3183,8719,422,1134,313,4975,2933
3184,7378,290,1345,336,4051,2149
3185,4375,452,843,217,4628,2410
3186,5516,1292,1505,440,10462,4035
3187,3539,1070,908,270,7026,3185
3188,4629,725,1261,391,7469,3611
3189,1692,296,415,141,2306,1049
3190,2836,454,836,259,4021,2054
3191,2479,615,722,207,4415,1803
3192,5825,1331,1569,494,9057,4015
3193,4104,907,1106,291,9477,3622
3194,3784,607,1025,373,5078,2103
3195,9195,1383,2256,792,15131,7099
3196,7015,1349,2290,701,9447,4522
3197,2996,547,1096,345,4643,1926
3198,5248,808,1763,567,5350,2727
3199,16267,2704,5221,1762,18974,9371
3200,2084,412,587,244,1360,1066
3201,6206,901,1907,732,6795,4173
3202,661,121,211,59,1197,664
3204,8515,1160,1668,575,12665,6052
3205,4662,430,967,258,3336,1261
3206,3104,339,782,206,4120,1806
3207,5676,572,1507,413,5801,2205
3211,342,43,69,35,579,246
3212,4513,587,1009,493,6738,3318
3213,1013,114,187,91,1799,829
3214,8328,1337,2095,903,6662,4635
3215,5809,1505,1567,646,7749,3342
3216,15777,2934,3491,1236,22709,10130
3217,1826,117,321,157,2597,1594
3218,4318,573,1110,346,4707,2384
3219,6253,1252,1963,636,6507,3097
3220,4978,757,1155,393,6386,2682
3221,158,19,36,15,364,167
3222,3263,847,1043,433,6672,2700
3223,1493,517,763,250,3479,899
3224,3392,643,972,397,6091,2700
3225,689,354,293,86,2121,515
3226,3077,601,1020,346,6218,2899
3227,965,160,333,93,2181,1090
3228,4117,569,982,350,7817,4107
3230,593,183,201,73,1120,387
3231,338,60,94,33,549,181
3232,274,81,95,34,490,140
3233,575,116,182,64,841,257
3234,43,8,19,7,78,28
3235,101,7,34,7,160,71
3236,71,8,24,13,80,28
3237,67,13,26,14,76,24
3238,61,0,26,11,94,27
3239,132,16,45,12,156,69
3240,447,46,96,25,977,428
3241,636,176,205,71,1031,451
3242,225,27,59,19,336,161
3243,86,11,30,14,155,68
3249,713,115,224,79,1443,622
3250,3439,883,853,349,4507,2216
3251,145,35,37,15,206,85
3254,81,5,26,8,115,76
3260,1063,323,353,147,2072,815
3264,593,209,152,47,882,406
3265,684,73,149,55,1096,565
3266,764,173,170,85,1308,573
3267,68,10,8,0,111,53
3268,673,135,156,54,1073,507
3269,187,22,32,13,302,175
3270,57,16,26,7,92,38
3271,43,9,5,6,93,33
3272,360,99,122,42,629,291
3273,41,4,8,4,61,27
3274,67,17,14,11,91,53
3275,123,10,27,12,165,93
3276,105,11,28,12,225,107
3277,477,49,99,44,841,415
3278,73,12,21,7,121,74
3279,67,17,14,3,122,70
3280,9225,1792,2243,911,11760,5639
3281,385,34,83,30,773,400
3282,570,87,127,59,1023,487
3283,322,27,73,26,609,303
3284,721,263,249,67,1537,607
3285,288,40,90,27,554,212
3286,115,30,38,23,255,113
3287,105,11,23,4,194,96
3289,153,46,57,18,329,146
3292,40,11,21,4,95,16
3293,58,18,36,6,120,60
3294,207,47,59,18,442,185
3300,2508,828,682,240,4178,1660
3301,202,42,54,18,624,266
3302,72,11,25,13,184,71
3303,82,8,21,9,148,70
3304,670,184,225,86,1126,442
3305,3409,725,1108,378,5047,2144
3309,27,5,17,7,47,21
3310,62,11,46,9,119,28
3311,380,164,124,50,746,232
3312,232,54,68,25,470,184
3314,102,26,38,16,245,102
3315,370,154,117,47,681,257
3317,39,10,15,3,83,46
3318,280,118,90,39,542,201
3319,79,25,34,11,158,45
3321,300,35,73,27,727,356
3322,47,20,22,0,59,27
3323,22,4,6,0,45,13
3324,132,35,51,16,220,73
3325,87,36,36,14,220,88
3328,403,42,93,31,757,389
3329,64,5,13,9,132,59
3330,51,9,17,4,86,48
3331,1265,180,273,148,2610,1523
3332,237,17,49,35,433,236
3333,196,28,57,22,354,174
3334,147,24,58,16,217,100
3335,1468,104,291,168,2492,1340
3337,10333,1054,2734,1339,12552,8454
3338,6293,819,1544,802,8310,5642
3340,5587,832,1449,607,8223,4416
3341,449,40,84,47,732,315
3342,879,188,279,89,1372,638
3345,271,42,79,25,507,234
3350,18306,2669,4348,1667,21116,11034
3351,1970,273,545,183,3527,1678
3352,3679,415,1011,440,7073,3382
3355,3967,992,1111,440,4241,2256
3356,5218,1018,1429,581,4965,3110
3357,762,136,201,64,1692,848
3360,189,45,83,25,319,110
3361,147,55,58,26,268,126
3363,832,256,285,94,1410,602
3364,491,78,169,50,986,383
3370,503,113,198,82,628,260
3371,249,46,143,44,392,117
3373,488,183,228,77,914,404
3374,67,21,29,12,207,63
3375,35,14,3,6,98,48
3377,2744,617,694,319,3598,1435
3378,21,0,7,4,75,40
3379,174,55,54,28,352,136
3380,1637,498,436,214,2352,887
3381,284,32,86,43,569,197
3384,125,35,47,25,242,71
3385,105,15,42,14,254,75
3387,60,22,28,8,138,55
3388,132,47,30,16,258,88
3390,200,46,54,44,404,155
3391,45,12,12,0,69,33
3392,133,63,52,15,245,78
3393,637,235,183,77,1117,443
3395,66,27,35,5,178,40
3396,155,71,47,15,343,107
3400,3832,992,1060,397,5565,2696
3401,897,105,242,83,2165,928
3407,86,11,29,17,212,65
3409,209,64,67,25,403,163
3412,73,16,26,10,139,45
3413,39,11,11,5,105,46
3414,413,157,137,64,801,255
3415,20,0,0,3,13,4
3418,634,178,167,55,1293,444
3419,180,68,39,22,375,123
3420,57,11,7,6,125,69
3423,95,34,53,20,208,66
3424,154,68,50,28,342,133
3427,898,67,234,91,998,470
3428,174,23,38,13,313,110
3429,9961,1360,2557,1043,14179,7192
3430,93,9,17,13,134,63
3431,893,109,248,99,1793,817
3432,39,6,14,7,89,41
3433,60,4,8,0,97,44
3434,1258,151,303,131,2186,1042
3435,709,93,216,76,1207,570
3437,2172,362,633,223,4726,2323
3438,497,99,122,45,1046,578
3440,437,60,111,50,942,444
3441,266,30,83,20,663,275
3442,1687,290,516,161,3256,1551
3444,2325,499,774,245,3752,1596
3446,310,31,99,45,387,162
3447,134,13,64,15,151,73
3448,192,41,94,25,394,126
3450,1934,538,726,202,2381,1055
3451,1808,201,522,199,2058,863
3453,403,69,144,35,769,310
3458,506,119,197,35,824,270
3460,783,239,306,75,835,325
3461,1156,154,382,121,1633,703
3462,299,57,132,29,471,189
3463,583,168,332,73,1010,295
3464,265,55,80,34,455,227
3465,2515,821,930,330,3634,1536
3467,249,93,125,44,492,204
3468,58,21,34,11,130,34
3469,60,17,35,7,112,39
3472,382,103,211,69,525,189
3475,71,26,42,11,150,46
3477,182,39,68,24,409,113
3478,646,203,206,94,979,323
3480,394,160,111,41,848,309
3482,38,12,8,6,78,25
3483,203,65,53,22,382,166
3485,61,22,26,6,149,39
3487,17,0,10,0,41,23
3488,18,4,9,0,51,25
3489,8,0,0,6,32,3
3490,295,127,78,27,580,182
3491,27,8,8,7,57,32
3494,230,19,48,27,250,99
3496,1598,354,442,175,2445,1204
3498,1235,237,303,142,2352,1062
3500,9386,1886,2607,1046,11666,6149
3501,422,50,121,47,857,442
3505,1229,260,325,142,1947,935
3506,6,0,8,0,19,3
3507,24,17,7,3,65,33
3509,44,14,10,4,122,38
3512,60,17,15,12,197,68
3515,441,41,107,48,821,484
3516,158,40,52,19,306,125
3517,337,132,136,49,540,223
3518,332,104,145,54,499,172
3520,49,20,15,12,69,20
3521,169,22,55,12,264,144
3522,77,7,24,11,165,49
3523,765,275,410,143,1573,457
3525,305,90,85,37,600,189
3527,191,81,49,23,343,99
3529,28,6,3,0,50,31
3530,18,11,11,0,67,21
3531,55,7,6,9,80,34
3533,159,61,91,22,322,127
3537,169,79,66,25,522,180
3540,67,24,27,9,135,30
3542,30,7,8,4,82,25
3544,57,17,16,3,102,46
3546,90,40,23,7,179,68
3549,886,175,193,118,1419,733
3550,13114,2352,3321,1268,13575,6719
3551,6599,673,1571,640,13043,7031
3555,5668,1227,1639,608,7109,3442
3556,3996,646,1179,464,4221,2583
3557,178,25,59,21,330,168
3558,212,78,85,29,370,142
3559,107,30,26,10,267,98
3561,987,261,341,121,1943,781
3562,70,17,14,10,128,51
3563,200,42,57,18,338,155
3564,3986,928,1242,472,6427,2892
3565,29,6,3,3,43,23
3566,128,28,37,20,235,111
3567,137,24,55,19,302,122
3568,659,239,194,81,1330,439
3570,176,17,62,22,326,145
3571,78,9,13,12,154,55
3572,26,0,4,6,79,35
3573,66,14,27,15,140,75
3575,180,55,71,32,304,153
3576,6,0,5,0,42,21
3579,1262,396,381,159,2254,901
3580,229,55,89,40,444,145
3581,48,8,9,3,74,22
3583,52,3,9,5,85,45
3584,211,48,60,25,552,240
3585,2941,724,722,287,4425,2108
3586,195,15,38,19,396,167
3588,91,16,20,7,151,70
3589,92,16,19,3,151,71
3590,67,8,20,5,165,79
3591,33,7,12,9,74,31
3594,133,25,37,19,236,83
3595,174,55,73,31,221,111
3596,15,4,12,3,35,17
3597,110,20,24,17,196,51
3599,40,9,14,7,46,22
3607,31,3,14,8,53,28
3608,586,154,255,87,1003,335
3610,475,90,116,79,694,261
3612,404,132,195,84,691,206
3614,191,13,54,14,405,200
3616,1272,299,324,162,2276,1016
3617,32,5,16,3,79,19
3618,188,28,46,21,280,114
3620,1919,542,582,244,3499,1461
3621,548,140,171,80,946,498
3622,111,11,34,14,208,86
3623,188,61,80,33,393,144
3624,148,24,42,17,223,103
3629,2588,519,827,366,3173,1657
3630,8515,1647,2231,1040,11512,6328
3631,2550,406,567,244,5381,2460
3633,127,11,46,3,282,141
3634,440,51,121,51,786,353
3635,142,23,38,29,214,88
3636,1259,350,403,166,2146,910
3637,149,8,24,17,270,124
3638,525,137,162,80,799,366
3639,132,35,60,29,216,67
3640,235,17,54,24,434,234
3641,281,49,100,50,506,258
3646,129,20,47,11,258,122
3647,27,0,0,0,12,3
3649,110,23,38,19,168,76
3658,1816,213,514,234,2251,1198
3659,206,23,52,21,302,128
3660,2244,480,643,328,2726,1161
3662,390,0,26,10,366,290
3663,37,4,20,7,71,43
3664,266,52,90,25,449,187
3665,74,15,21,16,181,49
3666,1018,385,475,142,1979,705
3669,286,108,120,63,598,159
3670,143,23,58,10,262,75
3672,2556,834,925,371,4050,1592
3673,338,55,147,33,868,284
3675,372,65,153,45,850,318
3677,4755,1475,1441,592,6584,3246
3678,1242,219,408,146,3175,1174
3682,132,17,47,12,271,135
3683,411,98,182,68,711,289
3685,634,157,215,106,1132,471
3687,266,51,90,33,474,185
3688,269,31,94,36,550,256
3690,9288,1444,2745,1072,12177,6791
3694,71,0,3,0,17,0
3695,108,12,36,11,218,93
3697,116,13,55,10,292,87
3698,185,44,65,21,409,131
3699,335,72,118,43,351,195
3700,285,102,106,32,569,224
3701,213,49,70,20,538,185
3704,6,0,0,0,16,0
3705,45,4,28,0,127,50
3708,17,0,3,4,25,6
3709,55,25,28,12,141,33
3711,105,19,59,19,219,73
3712,97,27,41,11,140,37
3713,258,91,107,52,416,98
3714,748,266,305,97,1580,515
3715,52,12,36,9,154,39
3717,567,161,257,80,1153,430
3718,18,8,0,9,29,3
3719,74,15,42,14,183,41
3720,120,18,63,29,259,85
3722,1147,325,395,129,2056,965
3723,826,103,275,94,1221,483
3725,106,20,58,9,324,112
3726,82,16,37,8,185,69
3727,82,13,29,5,134,45
3728,143,32,54,27,278,102
3730,1743,675,680,257,3969,1514
3732,137,24,54,15,256,104
3733,41,16,8,7,100,45
3735,123,29,34,16,308,101
3737,1004,331,314,139,1880,642
3738,55,8,17,5,96,36
3739,45,7,15,5,98,42
3740,252,39,74,25,494,188
3741,787,191,261,84,1305,466
3744,106,12,40,12,198,91
3746,86,18,45,6,180,48
3747,1070,252,450,115,1990,750
3749,387,111,141,42,862,339
3750,1698,141,336,197,4215,2475
3751,74,13,16,11,125,36
3752,5528,795,1228,558,10203,5747
3753,506,36,95,61,1004,623
3754,8568,552,1991,1074,14934,10629
3755,70,20,15,6,107,31
3756,3269,249,753,383,4489,2786
3757,2270,390,594,251,3595,1859
3758,586,43,110,53,921,474
3759,298,26,66,19,468,176
3760,99,6,21,6,175,62
3761,355,33,73,31,510,234
3762,34,5,5,3,69,13
3763,476,24,135,54,562,286
3764,2448,432,667,281,3466,1867
3765,1704,346,490,155,2795,1271
3766,307,31,99,35,524,243
3767,289,41,109,31,562,211
3770,827,96,187,75,1424,616
3775,941,121,230,95,1740,753
3777,2792,541,967,316,4166,1969
3778,55,6,20,3,85,32
3779,95,23,36,16,183,38
3781,1259,102,312,151,1642,1009
3782,1883,247,565,198,3449,1480
3783,632,45,149,56,972,498
3785,19,3,4,0,35,17
3786,386,37,105,19,700,268
3787,272,26,72,22,471,192
3788,433,43,159,37,746,318
3789,72,9,19,5,125,37
3791,395,32,98,34,612,263
3792,225,19,83,32,499,213
3793,926,133,245,93,1460,728
3795,302,57,58,27,577,227
3796,2705,248,680,198,3921,1946
3797,921,204,331,131,1280,612
3799,1759,233,668,227,1862,1048
3800,2173,0,0,7,28,4
3802,6116,893,1323,586,10939,4447
3803,2819,500,612,305,4504,2123
3804,2045,291,283,109,3915,1449
3805,14742,1464,2997,1267,23636,12838
3806,11139,1652,2719,1059,21040,10910
3807,1757,156,404,151,3127,1491
3808,674,96,136,45,1444,646
3809,1928,90,390,201,2895,1711
3810,12516,1515,3233,1483,17171,11978
3812,637,69,157,41,983,417
3813,234,37,41,27,389,158
3814,542,67,133,52,978,480
3815,683,126,222,51,1310,631
3816,775,92,227,76,962,582
3818,3346,735,1061,413,5789,2825
3820,4001,865,1153,410,6610,2915
3821,598,99,167,86,1388,578
3822,249,35,49,25,413,220
3823,452,82,130,51,812,313
3824,1184,241,368,144,2070,989
3825,5818,1276,1829,741,7237,3386
3831,391,77,108,37,797,290
3832,58,15,22,11,110,31
3833,83,20,37,9,122,34
3835,116,10,29,16,205,92
3840,4822,1049,1465,627,5700,2817
3842,1549,194,353,155,1699,839
3844,7794,1447,2138,903,11041,5654
3847,490,85,186,63,965,400
3850,3764,901,1107,443,5730,2830
3851,1484,207,483,211,2481,821
3852,67,0,3,0,16,4
3854,309,34,68,33,648,311
3856,267,34,54,29,388,222
3857,104,6,28,6,152,64
3858,752,195,187,101,1217,573
3859,200,33,61,16,357,157
3860,1748,393,557,219,2918,1339
3862,703,137,223,83,1400,602
3864,50,4,14,5,99,37
3865,102,21,38,13,199,75
3869,389,67,123,37,702,304
3870,300,43,126,28,569,197
3871,669,148,223,87,1252,517
3873,71,17,18,8,152,58
3874,119,18,76,31,245,69
3875,4604,1186,1407,546,7571,3312
3878,186,53,116,38,566,137
3880,707,369,450,128,1927,443
3882,194,52,120,32,525,170
3885,455,72,175,62,779,322
3886,92,18,20,0,182,83
3887,121,10,41,21,104,46
3888,780,244,326,113,1392,572
3889,39,16,23,6,82,25
3890,94,15,40,13,113,51
3891,24,16,12,6,49,0
3892,252,72,134,40,444,130
3893,0,0,0,0,14,0
3895,47,13,18,3,82,27
3896,130,18,45,10,138,73
3898,197,29,90,27,287,150
3900,31,4,15,8,73,22
3902,78,18,45,21,198,62
3903,133,42,61,29,367,115
3904,233,79,146,50,755,186
3909,1719,574,714,287,3441,1175
3910,6299,705,1795,624,8746,4412
3911,1015,124,272,77,1334,591
3912,4101,608,1166,449,5989,2835
3913,957,106,243,98,1345,587
3915,2824,520,1018,410,3297,1882
3916,187,80,84,23,464,128
3918,899,131,256,104,1585,730
3919,955,98,283,115,1086,650
3920,822,0,5,11,125,71
3921,23,7,16,8,47,20
3922,1629,519,733,287,3333,1238
3923,84,33,70,17,260,61
3925,782,157,280,126,1438,599
3926,741,114,236,61,1523,568
3927,343,72,159,48,780,270
3928,67,14,34,8,224,60
3929,162,48,70,17,486,120
3930,3469,746,929,321,8643,3778
3931,5445,1724,2344,689,9965,3830
3933,286,24,59,18,535,178
3934,3599,857,1181,411,8530,3976
3936,2427,667,1067,401,4870,1595
3937,329,44,105,25,755,259
3938,601,143,278,81,1332,391
3939,3320,1093,1534,480,5885,2218
3940,1057,743,546,199,1798,597
3941,3027,609,1165,452,4798,2125
3942,434,134,234,66,1181,267
3943,256,168,147,55,858,112
3944,44,38,46,18,329,33
3945,184,32,80,20,483,169
3946,35,10,17,0,112,35
3950,1125,318,424,134,1914,887
3951,221,32,74,31,450,200
3953,1735,454,556,183,3355,1575
3954,84,19,32,4,190,76
3956,605,126,261,104,1301,424
3957,65,4,22,9,122,58
3958,69,12,13,6,126,51
3959,232,62,80,25,525,227
3960,533,200,277,62,1071,341
3962,226,57,97,35,375,127
3964,28,8,17,5,51,15
3965,46,26,26,12,94,12
3966,148,27,54,18,187,70
3967,26,5,11,3,62,19
3971,1052,290,372,118,1630,568
3975,2931,360,569,260,7015,4107
3976,6704,777,1479,707,10099,5758
3977,23173,2609,5399,2301,37142,22701
3978,2481,154,454,247,4508,2806
3979,50,4,20,7,162,79
3980,830,87,290,106,1332,699
3981,1293,200,320,123,1946,1016
3984,1293,253,614,233,1992,817
3987,363,50,95,45,640,333
3988,221,33,74,16,461,188
3990,30,3,6,0,50,10
3991,97,16,44,11,145,43
3992,269,28,76,22,384,184
3995,2561,733,988,308,3889,1685
3996,996,403,460,142,2619,923
6000,6160,212,840,290,3115,796
6003,2007,68,280,86,856,217
6004,4929,224,829,260,3726,627
6005,2869,166,504,174,1575,340
6006,3088,413,623,152,3091,1383
6007,2925,252,494,123,2351,986
6008,4967,496,1257,354,5589,2486
6009,6446,613,756,229,7440,3052
6010,4532,898,1244,279,6955,2928
6011,2556,355,561,132,3788,1614
6012,2635,333,646,178,3461,1505
6014,5366,873,1048,349,8670,4301
6015,1431,339,245,65,3218,1313
6016,3055,304,616,202,3830,2019
6017,1649,143,369,138,1340,479
6018,10836,1750,2545,747,15046,7088
6019,7859,654,1811,470,7489,3508
6020,4419,683,1202,366,10203,3918
6021,5438,988,1335,365,8644,3288
6022,1268,182,347,125,2127,930
6023,3137,541,834,270,7232,3250
6024,3300,481,953,303,5791,2517
6025,7810,890,1872,651,13039,5761
6026,4951,999,1269,428,10557,4136
6027,11686,1264,2697,984,17573,7459
6028,5545,455,1026,415,10302,4695
6029,704,90,131,36,1324,506
6030,11052,1166,2423,1112,15049,8584
6031,4663,220,746,416,6258,4318
6032,58,5,23,4,85,25
6033,125,3,21,15,208,72
6034,543,11,57,49,596,422
6035,2307,271,554,232,3323,2174
6036,4532,197,882,462,5515,4211
6037,765,97,238,81,1178,631
6038,1921,42,300,162,2218,1629
6041,296,51,116,51,705,290
6042,10,5,18,6,35,0
6043,39,18,27,15,114,36
6044,317,47,123,50,538,156
6050,5357,889,995,284,5701,2152
6051,5013,305,1102,368,4148,1641
6052,3503,411,795,263,4206,1942
6053,4476,680,1178,341,5291,2463
6054,6280,859,1772,608,7181,3672
6055,5756,490,1292,528,8590,4381
6056,11791,1742,3353,1351,13983,6949
6057,4769,561,1190,449,6509,3331
6058,3718,518,978,395,4768,2321
6059,6349,1201,1630,512,10040,3751
6060,8143,1151,2041,624,8201,3239
6061,12511,1285,3034,1215,13286,7228
6062,9255,1560,2129,766,13764,5199
6063,4027,399,922,361,5559,3091
6064,9192,1171,2252,915,11418,6374
6065,14913,1713,3192,1294,26515,14379
6066,5373,492,1201,494,7423,3721
6067,13,0,0,0,6,17
6068,5,0,0,0,3,0
6069,9832,749,2137,1059,15257,10361
6070,746,101,238,76,1731,767
6071,802,115,222,80,1574,607
6072,223,30,56,12,428,154
6073,664,165,223,87,1398,497
6074,247,31,63,35,434,176
6076,4806,994,1396,470,10350,3931
6077,343,82,89,24,694,197
6078,240,19,66,25,424,156
6079,0,0,0,3,20,0
6081,1137,95,308,114,2130,971
6082,812,77,227,97,1356,656
6083,846,72,261,88,1646,610
6084,2094,169,559,208,3524,1690
6090,0,0,0,0,3,3
6100,5529,361,1071,341,5311,1864
6101,6351,531,1241,427,5492,2504
6102,6059,1040,966,290,3847,1481
6103,4066,331,844,294,3423,1405
6104,4805,667,1232,445,4927,2247
6105,4723,735,1053,407,5342,2738
6106,11,0,3,0,5,0
6107,13437,1243,2468,933,17192,8331
6108,6115,762,1391,559,9877,4445
6109,3375,538,857,325,4575,2449
6110,10811,1516,2603,1049,15801,9085
6111,6241,845,1835,667,9103,4372
6112,15207,1545,3534,1522,21387,13361
6121,755,58,176,53,1340,582
6122,4659,306,835,396,6607,4613
6123,406,33,107,47,635,333
6124,279,40,104,31,494,252
6125,745,98,188,65,1461,581
6126,204,4,57,34,281,42
6147,4426,577,1037,373,6003,2729
6148,4463,892,1008,315,7942,3195
6149,4396,787,944,314,8909,3122
6150,3777,622,467,161,6239,1879
6151,5287,549,1223,387,6633,2503
6152,8766,1214,1908,551,9414,3611
6153,4969,820,1227,388,9189,3268
6154,2352,688,626,191,4270,1898
6155,12722,1158,1992,834,23884,10656
6156,4485,824,1118,357,6684,3426
6157,3840,698,1208,330,5060,2391
6158,2016,299,544,157,3013,1349
6159,1034,120,363,81,1330,405
6160,3348,343,909,292,2448,869
6161,158,3,27,14,95,37
6162,3585,520,1059,257,3811,1788
6163,15502,2547,4004,1255,19182,7863
6164,15370,1130,2917,1295,23259,13242
6165,32,4,7,0,34,3
6166,2402,312,604,199,4315,1668
6167,8008,866,1912,850,9144,5659
6168,6980,1532,2370,911,8676,3552
6169,9336,1398,2702,1060,13395,6786
6170,3604,167,620,273,4711,3019
6171,8199,493,1566,805,11985,8610
6172,3774,366,824,420,5041,3353
6173,2917,125,505,255,4907,3366
6174,1099,78,234,107,1282,983
6175,974,57,189,95,1462,979
6176,436,29,69,38,522,291
6180,1338,105,326,104,2123,1410
6181,108,11,11,9,245,108
6182,0,0,0,0,3,0
6207,258,22,75,24,457,207
6208,2693,527,1016,388,4928,2292
6209,467,95,182,80,829,289
6210,16445,3898,5979,2262,28005,11725
6211,1454,171,516,251,3268,1421
6213,188,28,65,37,275,126
6214,148,17,48,21,270,117
6215,925,230,350,137,1738,774
6218,82,10,36,10,173,82
6220,1131,231,321,100,2065,827
6221,191,11,21,9,116,77
6223,49,4,11,3,94,46
6224,317,46,82,36,459,211
6225,2469,405,703,273,3530,1727
6226,188,13,45,20,373,203
6227,153,15,43,14,353,225
6228,36,3,13,5,81,34
6229,47,7,32,8,75,24
6230,11503,1883,3565,1392,16319,8484
6232,2713,470,686,329,4319,2374
6233,4245,485,1132,449,8080,4456
6236,446,61,134,48,983,389
6237,508,61,167,56,1193,497
6239,946,201,323,105,1981,848
6240,28,3,12,3,63,11
6243,10,3,6,3,30,13
6244,251,84,144,49,652,271
6251,97,20,46,11,150,67
6252,43,0,17,0,70,21
6253,125,32,79,22,279,75
6254,134,22,49,30,177,92
6255,761,208,357,113,1799,687
6256,92,14,27,3,183,66
6258,1717,321,464,210,2581,1275
6260,339,68,94,35,628,266
6262,157,16,86,23,331,128
6271,761,114,278,104,1358,697
6275,316,62,143,53,569,211
6280,6421,1424,2165,729,11853,5573
6281,1539,158,446,174,3246,1638
6282,259,22,77,34,672,269
6284,514,45,132,34,918,609
6285,2627,208,650,245,3322,2120
6286,171,16,45,22,259,94
6288,130,11,48,12,227,127
6290,352,162,168,28,800,157
6302,687,206,384,116,1603,612
6304,339,111,155,48,800,267
6306,225,72,78,20,451,174
6308,316,75,126,58,736,284
6309,54,10,14,12,143,38
6311,110,19,41,18,289,115
6312,1309,265,312,155,1813,1025
6313,59,5,23,11,150,46
6315,416,122,163,49,875,360
6316,62,9,35,10,148,70
6317,1083,227,220,106,1707,841
6318,120,15,38,21,220,109
6320,126,33,26,18,250,164
6321,88,19,36,11,245,103
6322,29,5,19,8,129,37
6323,202,52,106,46,448,148
6324,839,181,269,125,1463,643
6326,114,12,38,13,235,85
6327,62,6,18,6,121,59
6328,108,9,19,10,200,80
6330,8907,1905,2838,1087,14500,6637
6333,1356,259,612,149,2455,1011
6335,212,34,27,20,323,159
6336,64,9,23,13,142,67
6337,143,17,30,14,213,132
6338,144,17,81,15,305,119
6341,39,8,15,3,167,61
6343,44,6,12,8,125,67
6346,172,29,45,26,337,120
6348,169,48,70,32,398,159
6350,75,21,24,8,135,40
6351,6,0,0,0,46,24
6352,31,4,15,7,91,46
6353,181,34,35,17,353,161
6355,80,11,29,8,190,115
6356,27,0,4,4,59,24
6357,22,0,3,0,36,12
6358,25,0,9,4,37,11
6359,87,14,18,18,216,86
6361,24,0,7,0,52,24
6363,14,0,6,0,57,28
6365,125,28,37,3,237,98
6367,76,13,23,8,166,68
6368,14,0,3,0,37,16
6369,157,33,38,10,326,107
6370,85,20,41,17,194,102
6372,37,10,4,9,47,17
6373,12,6,5,0,47,25
6375,214,47,88,33,420,197
6383,194,77,88,26,436,162
6384,8,0,5,0,13,9
6385,4,0,0,0,15,0
6386,24,8,0,3,47,7
6390,432,62,117,59,735,406
6391,198,33,60,27,489,203
6392,96,17,30,11,208,94
6393,18,6,9,8,56,25
6394,83,19,14,19,240,87
6395,359,94,99,34,710,356
6396,97,12,20,13,161,69
6397,30,5,10,0,28,20
6398,117,20,49,10,280,68
6401,2213,422,679,289,3016,1566
6403,47,9,17,6,76,28
6405,63,15,29,9,138,73
6407,342,41,61,16,465,201
6409,128,12,30,12,128,94
6410,251,74,79,35,415,193
6411,25,0,5,3,71,15
6412,13,0,3,0,30,12
6413,9,0,6,6,25,4
6414,9,0,0,0,37,16
6415,923,114,207,91,1091,584
6418,123,48,56,17,317,145
6419,3,4,7,0,29,14
6420,21,4,4,4,57,20
6421,15,0,4,0,92,37
6422,18,0,5,0,18,14
6423,55,9,18,8,92,29
6424,13,0,10,0,37,8
6425,17,3,3,0,53,6
6426,228,28,78,37,337,140
6427,41,0,10,4,31,0
6428,8,0,0,4,28,19
6429,353,28,77,43,277,203
6430,7083,542,1203,583,8015,5322
6431,304,35,42,46,406,177
6432,2547,174,520,249,2046,1554
6434,82,0,12,0,61,11
6436,48,4,13,6,22,20
6437,173,9,39,22,227,113
6438,368,18,68,35,222,115
6440,483,14,115,47,355,149
6442,809,49,123,87,851,628
6443,320,32,92,55,240,116
6445,40,6,10,3,92,47
6446,33,0,5,0,66,30
6447,44,0,5,3,90,34
6448,168,10,31,4,163,83
6450,3612,625,908,368,5122,2763
6452,6,0,0,0,0,0
6460,157,53,75,30,295,155
6461,92,30,34,23,239,120
6462,27,6,6,0,55,33
6463,5,0,0,0,11,0
6465,4,5,0,3,8,4
6466,8,3,7,0,40,8
6467,0,0,0,0,20,7
6468,62,9,9,11,109,52
6470,0,0,0,0,14,0
6472,26,0,9,0,95,50
6473,11,0,0,0,27,5
6475,67,22,37,19,172,82
6476,10,0,0,4,29,8
6477,70,10,17,14,110,56
6479,98,25,16,6,281,118
6480,13,0,7,0,22,8
6484,29,0,16,15,39,0
6485,102,42,57,17,211,75
6487,10,0,6,3,20,9
6488,51,9,17,14,63,36
6489,23,10,10,3,45,12
6490,66,10,30,5,101,50
6501,256,25,83,29,404,167
6502,267,39,80,29,545,226
6503,539,83,151,49,952,409
6504,34,0,8,5,96,15
6505,27,4,16,0,57,14
6506,15,0,6,0,29,7
6507,120,17,35,7,272,89
6509,66,0,14,0,90,41
6510,546,112,125,47,744,397
6511,134,31,46,11,234,67
6512,16,0,3,0,52,21
6513,56,5,11,0,98,54
6514,135,40,73,8,299,85
6515,76,5,21,4,136,41
6516,409,81,135,64,786,288
6517,101,13,53,10,154,73
6518,50,11,26,5,91,35
6519,129,38,35,11,235,146
6521,84,13,21,4,181,49
6522,123,15,28,13,192,87
6525,795,177,309,86,1594,608
6528,87,23,34,9,175,71
6530,9459,1449,2304,992,11513,6726
6532,1575,144,385,208,2986,1423
6535,356,98,134,32,725,254
6536,400,75,165,35,676,218
6537,250,23,87,35,342,169
6556,537,53,149,80,831,387
6558,1194,23,133,102,1027,166
6560,406,80,120,41,462,244
6562,281,43,115,45,523,247
6564,76,10,39,17,122,44
6566,666,133,342,105,1522,502
6567,72,20,51,13,199,54
6568,65,10,18,4,103,29
6569,86,9,18,11,97,56
6571,10,3,3,0,36,15
6572,11,0,5,0,34,14
6574,10,0,6,0,47,18
6575,28,0,9,0,62,38
6603,274,36,66,42,447,239
6605,3,0,4,0,14,10
6606,39,4,15,6,75,32
6608,23,8,3,3,63,29
6609,199,25,33,27,379,158
6612,45,7,18,4,97,47
6613,9,0,0,0,39,16
6614,0,0,0,0,18,0
6616,18,5,9,0,15,8
6620,150,9,46,15,211,67
6623,206,24,44,24,234,143
6625,16,0,0,0,25,8
6627,19,0,0,0,21,17
6628,9,0,0,3,13,9
6630,187,25,48,9,204,147
6631,3,0,4,0,12,7
6632,7,0,0,0,27,28
6635,164,14,23,10,94,41
6638,175,15,57,13,129,92
6639,21,3,27,7,32,0
6640,58,10,37,3,60,29
6642,441,27,79,47,282,187
6646,357,27,45,33,203,82
6701,1811,211,426,167,1808,1125
6705,107,3,10,4,70,83
6707,799,48,212,76,1002,565
6710,1532,32,352,171,1766,137
6711,0,0,0,0,0,0
6712,785,15,153,77,933,0
6713,242,22,59,17,451,318
6714,5186,138,845,415,6101,4144
6716,207,4,52,18,267,205
6718,517,31,38,32,205,187
6720,809,12,136,52,857,663
6721,1380,53,300,115,1732,941
6722,3359,126,435,312,3173,2446
6725,4200,226,642,286,2873,2574
6726,1892,91,374,158,1607,1313
6728,2484,127,259,131,1404,1545
6731,3,0,0,0,0,0
6733,0,0,0,0,0,0
6740,616,43,54,39,194,338
6743,2457,101,415,151,1703,1403
6751,1579,21,273,155,1930,970
6753,2625,51,453,247,2543,1317
6754,372,10,70,26,494,412
6758,798,15,144,88,615,38
6760,283,14,42,26,136,133
6762,373,9,55,31,327,90
6765,721,42,67,44,443,440
6770,1157,81,113,108,671,779
5000,9385,280,1092,363,3264,735
5005,0,0,0,0,0,0
5006,3186,348,558,150,2231,480
5007,3212,397,622,202,1870,781
5008,4707,753,1101,375,4579,2159
5009,1572,254,360,127,1883,834
5010,1766,383,446,168,2026,1059
5011,3670,536,881,303,4318,2007
5012,3567,466,708,331,3872,2230
5013,3396,595,971,345,3053,1621
5014,3767,702,1085,373,4063,1776
5015,2054,217,694,226,1702,795
5016,2647,641,826,236,3108,1389
5017,1680,288,511,187,1480,872
5018,1386,292,503,149,2525,707
5019,2991,535,951,287,3014,1340
5020,635,177,228,88,1504,489
5021,1218,433,426,123,2933,653
5022,4295,840,1217,373,6555,2471
5023,4961,1145,1447,481,5955,2577
5024,3402,804,873,289,6388,2098
5025,2156,438,530,168,3644,1320
5031,4179,423,769,226,3028,1309
5032,3651,708,846,257,5288,1956
5033,3093,475,659,204,2761,1174
5034,3247,446,697,174,3874,1609
5035,2105,295,491,121,2161,936
5037,3457,709,777,218,4013,1614
5038,5025,742,1232,383,5617,2257
5039,2857,480,719,219,3052,1534
5040,678,120,191,64,1091,363
5041,3475,678,845,288,5609,2501
5042,3600,596,670,209,4141,1616
5043,6357,1278,1738,457,6356,2607
5044,2916,838,846,234,4391,1646
5045,4774,910,1529,428,5980,1975
5046,2837,647,828,243,3298,1233
5047,2554,361,715,186,3129,1323
5048,3678,1045,1245,330,5776,2152
5049,2413,422,751,203,4346,1622
5050,1420,326,365,109,2514,867
5051,3218,414,875,262,6507,2803
5052,1436,301,422,96,3039,1074
5061,2853,403,628,174,4068,1568
5062,3832,674,982,224,6592,2610
5063,3812,690,1027,237,4565,1972
5064,2283,714,600,153,4519,1585
5065,2474,689,684,159,4401,1788
5066,2580,488,616,186,5661,2185
5067,3751,404,952,252,3469,1321
5068,3519,803,997,253,4788,1825
5069,2607,326,586,150,3297,1316
5070,4215,1089,1049,320,5554,2055
5072,3364,695,869,261,5408,2066
5073,3912,867,923,266,6737,2532
5074,3372,909,879,294,5371,2124
5075,2611,635,674,228,4749,1726
5076,2223,308,520,149,4482,1489
5081,2633,474,609,201,3955,1406
5082,4697,604,971,285,5862,2505
5083,2231,325,544,182,2902,1308
5084,3213,466,701,275,3608,1799
5085,6113,861,1226,482,7576,3721
5086,4613,714,1274,351,6295,2888
5087,3345,563,860,237,4501,1865
5088,975,149,284,98,1215,568
5089,1506,204,392,139,3165,1179
5090,1755,908,565,175,3372,1118
5091,1834,290,503,188,3419,1269
5092,4643,762,1231,413,7434,3088
5093,2391,442,675,230,3710,1564
5094,269,49,66,28,353,142
5095,6197,592,1313,487,8034,3894
5096,3645,540,965,390,5291,2559
5097,3352,742,1041,369,5760,2298
5098,3125,742,863,313,5049,2223
5106,110,46,17,4,28,0
5107,4583,700,1150,495,6654,3517
5108,12279,1714,3398,1358,13421,8443
5109,5880,999,1652,630,7848,3848
5110,2489,301,642,305,3190,2038
5111,241,0,4,15,11,0
5112,6149,1300,1766,710,5718,3781
5113,6659,954,1774,810,4413,4285
5114,10281,1022,2231,1122,11041,8267
5115,3445,185,624,392,2905,2845
5116,2487,516,787,318,3437,1908
5117,646,78,106,36,1352,702
5118,4762,914,1411,586,7434,3304
5120,455,58,136,56,861,413
5121,425,103,123,56,704,267
5125,4528,675,1340,452,8529,3693
5126,1810,242,479,195,3076,1384
5127,1984,273,598,236,3383,1286
5131,216,23,30,19,533,152
5132,76,8,20,3,234,86
5133,89,12,19,6,194,67
5134,113,11,29,8,197,82
5136,128,10,32,10,248,110
5137,164,19,17,10,269,99
5138,71,0,9,6,146,54
5139,50,4,26,8,97,46
5140,97,6,21,10,190,90
5141,166,12,38,14,326,133
5142,127,41,38,11,243,110
5144,108,14,21,8,216,48
5150,9,6,0,0,31,8
5151,82,16,19,5,176,71
5152,1220,228,381,113,2948,1248
5153,1605,169,465,119,2906,1157
5154,653,108,165,58,1680,684
5155,931,109,320,94,1564,807
5156,238,21,68,18,429,182
5157,660,70,200,53,1450,482
5158,5972,647,1604,572,11229,4712
5159,7791,1224,2208,713,15162,5832
5160,9,0,4,3,9,4
5161,2784,502,831,308,3952,1780
5162,9668,1531,3168,1086,12622,6224
5163,4158,637,1278,457,5006,2580
5164,1763,345,593,169,1435,974
5165,1700,332,534,226,1672,921
5166,609,79,232,65,592,302
5167,1530,293,546,157,2225,955
5168,1637,208,539,161,1876,1075
5169,4690,596,1340,448,6333,3686
5170,341,37,130,29,434,189
5171,1175,330,440,136,2841,1004
5172,925,133,305,78,1774,712
5173,3421,419,1229,415,4348,2941
5174,872,65,290,95,1036,565
5201,525,54,157,30,830,354
5202,209,28,65,34,369,169
5203,263,97,151,34,546,189
5204,514,160,314,87,1408,335
5210,396,30,121,38,776,360
5211,2859,1199,1365,427,7418,2010
5212,360,179,168,53,1088,257
5213,257,35,119,31,531,189
5214,1554,672,977,229,3950,1009
5220,33,8,15,11,58,31
5221,55,8,28,7,144,48
5222,128,44,66,13,299,83
5223,888,170,338,102,1526,621
5231,286,30,69,23,623,196
5232,112,9,32,3,203,64
5233,350,68,98,28,702,228
5234,289,30,85,41,596,259
5235,543,116,222,77,1093,418
5236,79,13,28,12,131,40
5237,94,13,33,14,128,79
5238,926,259,462,122,1755,564
5240,120,9,35,9,232,80
5241,593,141,188,55,1055,495
5242,386,54,109,45,757,272
5243,201,20,67,23,407,123
5244,1083,173,327,104,1815,761
5245,582,229,238,67,1463,502
5250,767,94,247,68,1556,794
5251,3768,658,1119,394,5715,2968
5252,1684,133,488,181,2575,1461
5253,5219,1062,1478,656,6884,3194
5254,620,87,177,73,1010,421
5255,2030,421,723,234,4130,1714
5256,318,59,193,59,552,180
5259,288,36,98,39,464,188
5260,489,114,185,60,634,280
5261,82,8,21,13,170,75
5262,79,4,36,7,186,89
5263,30,4,8,0,74,22
5264,289,87,118,47,501,202
5265,97,21,34,16,176,92
5266,138,20,23,8,286,141
5267,402,97,119,34,888,415
5268,890,193,196,70,1571,621
5269,72,11,15,5,100,48
5270,124,13,40,14,303,114
5271,1731,356,444,164,3290,1441
5272,157,20,32,19,414,146
5273,12,0,6,0,65,27
5275,531,150,171,47,1139,375
5276,272,73,88,44,546,160
5277,710,145,230,75,1182,570
5278,112,24,49,14,227,99
5279,120,17,45,13,239,101
5280,1766,451,624,180,3082,1263
5290,6762,1466,2075,786,9403,5019
5291,2091,277,491,205,4298,1810
5301,99,14,40,9,292,117
5302,156,55,54,15,429,145
5303,56,0,17,4,91,44
5304,202,52,60,24,309,127
5306,16,3,3,0,33,14
5307,101,50,43,15,273,96
5308,31,5,9,0,69,30
5309,34,3,9,5,81,24
5310,12,3,5,0,41,9
5311,120,12,28,8,181,74
5320,129,51,75,36,279,66
5321,219,22,46,36,200,31
5322,228,37,64,28,491,148
5330,685,249,233,92,1525,593
5331,57,12,20,11,155,60
5332,76,21,27,14,183,80
5333,1370,379,362,165,2502,1042
5340,356,56,104,36,624,249
5341,1980,467,553,243,3112,1311
5342,271,43,78,42,504,190
5343,1367,314,393,153,1722,891
5344,216,44,65,30,450,190
5345,858,282,313,132,1393,605
5346,102,8,19,12,171,73
5350,96,11,28,11,221,110
5351,1302,202,319,130,2717,1180
5352,1130,336,333,138,2400,872
5353,915,138,323,106,1611,667
5354,109,24,47,15,136,31
5355,1692,466,514,162,3296,1455
5356,216,16,53,22,357,138
5357,83,24,59,21,175,63
5360,223,28,56,22,544,245
5371,341,28,57,24,545,275
5372,540,87,110,61,898,518
5373,828,187,283,118,1386,621
5374,333,87,119,41,636,253
5381,90,29,24,10,166,60
5400,262,22,53,19,351,175
5401,211,50,67,42,309,169
5410,95,17,25,11,117,48
5411,57,15,27,6,144,80
5412,249,109,122,56,498,178
5413,174,51,64,19,383,138
5414,27,11,7,7,77,21
5415,42,3,20,3,118,33
5416,55,7,23,5,110,49
5417,321,95,144,35,626,264
5418,33,5,15,3,44,18
5419,55,12,8,3,114,33
5420,17,0,10,0,45,11
5421,58,7,14,11,38,16
5422,445,128,208,65,590,252
5431,166,74,56,15,443,152
5432,27,7,3,3,85,19
5433,325,98,125,51,479,184
5434,118,18,28,11,203,77
5440,82,8,30,13,93,38
5451,145,35,61,11,350,92
5452,86,12,25,8,217,98
5453,1106,260,309,110,2202,950
5454,73,12,37,10,184,77
5455,14,4,0,0,23,18
5460,183,30,45,14,331,140
5461,577,201,171,74,1063,461
5462,114,20,25,12,219,128
5464,130,29,37,9,292,135
5470,36,7,8,8,61,13
5471,21,3,9,0,33,13
5472,42,5,17,6,69,25
5473,166,32,66,31,324,137
5480,179,47,50,25,343,126
5481,120,29,45,14,277,68
5482,94,59,26,8,252,78
5483,78,23,26,7,152,65
5485,125,30,38,15,281,93
5490,37,7,4,4,89,31
5491,372,153,131,39,795,324
5493,29,5,8,10,33,12
5495,148,27,79,26,266,55
5501,2006,220,560,222,2866,1451
5502,395,57,102,39,669,273
5510,26,0,14,0,49,19
5520,143,44,51,24,228,100
5521,40,10,14,3,52,25
5522,235,164,141,39,690,154
5523,391,140,126,45,864,367
5540,4336,1051,1187,518,5521,2726
5550,267,35,81,32,320,187
5552,80,12,30,7,183,77
5554,1299,328,395,144,2106,959
5555,87,15,39,14,285,66
5556,914,310,385,130,1738,558
5558,993,340,432,115,2278,669
5560,98,30,31,15,198,93
5570,93,48,76,21,267,41
5571,326,174,167,51,913,218
5572,32,5,5,5,69,29
5573,435,150,137,42,921,359
5575,441,188,185,50,1140,336
5576,232,72,102,37,462,174
5577,121,23,60,20,235,71
5580,64,26,33,7,166,60
5581,90,50,54,8,303,34
5582,108,69,49,20,339,64
5583,144,70,82,28,372,97
5600,1680,334,420,203,2575,1001
5601,103,21,42,15,213,74
5602,287,77,81,39,621,233
5603,91,10,36,15,195,98
5604,36,10,15,11,107,15
5605,298,171,132,45,803,242
5606,3981,748,1089,382,5194,2730
5607,1166,118,362,123,2184,963
5608,4355,772,1125,429,4011,2659
5609,516,62,83,44,752,484
5630,34,9,3,3,54,29
5631,251,65,34,18,458,232
5632,40,3,6,0,123,75
5633,68,11,17,6,155,65
5640,196,78,59,28,475,179
5641,162,61,45,17,497,240
5642,54,4,19,5,101,63
5650,36,9,5,0,83,42
5651,22,3,0,0,37,13
5652,132,52,37,23,319,174
5653,14,0,6,0,43,23
5654,46,10,13,9,110,48
5655,26,0,4,0,43,32
5660,8,0,3,0,24,10
5661,31,0,11,4,65,38
5670,119,24,36,21,193,101
5671,50,12,15,3,55,24
5680,470,101,136,45,975,383
5690,1299,139,221,82,1160,759
5700,3650,650,771,399,3533,2132
5701,0,0,0,0,8,3
5710,904,74,148,91,973,475
5713,11,0,3,0,4,6
5715,6,0,0,0,20,13
5717,8,0,0,0,3,4
5719,16,5,5,3,10,5
5720,75,6,26,9,61,13
5722,100,20,42,20,95,41
5723,722,79,239,86,643,288
5724,160,12,32,17,127,85
5725,1128,20,185,105,1416,1023
5730,32,4,4,4,36,13
5731,159,7,34,15,199,89
5732,114,6,12,3,45,19
5733,103,9,23,5,69,32
5734,73,0,9,3,45,36
5950,0,0,0,0,0,0
5960,0,0,0,0,0,0
4000,9630,191,1013,355,4455,904
4005,8633,607,1589,393,5194,1458
4006,8833,208,974,372,3397,748
4007,4592,414,1080,319,4715,1651
4008,149,8,47,13,117,26
4009,0,0,0,0,0,0
4010,1072,94,216,58,611,242
4011,5168,528,1133,367,5454,2534
4012,7893,702,1722,536,7347,3622
4013,1712,119,377,114,1493,755
4014,3583,480,807,317,4446,2273
4017,9567,1621,3073,1080,14371,7165
4018,3178,672,988,352,4753,2217
4019,5529,1111,2433,872,6778,3386
4020,5386,1490,2540,843,8649,3132
4021,2695,628,888,377,3323,1884
4022,1772,593,513,244,2650,1402
4025,181,13,45,13,99,19
4029,40,6,3,6,12,8
4030,7003,400,1053,327,5178,2568
4031,4725,413,977,319,4586,2566
4032,5116,1056,1216,442,5605,2332
4034,12537,2302,3199,1031,17602,7785
4035,5360,926,1302,414,11397,4805
4036,1790,227,437,173,2532,1346
4037,1753,101,358,121,3703,1936
4051,10272,724,1672,523,9217,5120
4053,13021,1653,3029,1063,16796,8424
4054,3590,619,998,320,5267,2823
4055,4626,549,1056,388,9257,4691
4059,6792,267,730,222,3647,1834
4060,3957,280,654,226,5054,2863
4061,3804,580,927,324,7497,3553
4064,4909,211,674,176,3280,1592
4065,2696,296,491,135,3748,2132
4066,8381,329,869,250,4951,1918
4067,5695,210,351,108,2995,1070
4068,9619,667,1182,406,8323,3421
4069,7553,1255,1566,527,15888,6832
4070,2544,261,604,216,5335,2655
4072,2109,4,0,0,30,12
4073,1875,392,501,128,4277,1968
4074,5742,725,1456,465,10731,4611
4075,6475,888,1355,499,9291,4843
4076,3416,227,508,402,2606,950
4077,8807,1356,2431,998,10182,6979
4078,6795,715,1744,725,10011,5814
4101,11209,508,1675,498,6355,2619
4102,4016,167,522,172,1925,850
4103,6844,340,956,318,4077,1788
4104,2379,315,449,135,2347,909
4105,4687,440,965,342,4615,2266
4106,615,90,144,50,439,253
4107,1969,315,391,148,2278,1193
4108,2201,225,410,142,2140,907
4109,12627,1522,1992,686,15236,5540
4110,3228,424,782,349,3856,2279
4111,641,20,58,22,318,128
4112,1860,165,303,118,3701,1955
4113,8836,859,1463,535,12921,5301
4114,9396,1175,2278,1179,8099,6941
4115,4618,556,1051,419,8504,4169
4116,6594,585,1091,485,11665,5521
4117,343,32,51,50,529,363
4118,8620,810,2019,959,11070,6920
4119,1481,133,358,150,2747,1474
4120,3847,249,652,208,2795,1186
4121,7157,931,1549,484,9796,5338
4122,13270,1942,2714,911,17005,8005
4123,4504,546,1141,407,7962,3926
4124,5005,627,1164,543,7681,4652
4125,1671,362,487,186,3264,1165
4127,7433,965,2043,837,9560,5540
4128,4386,366,1111,419,6987,3235
4129,1769,134,419,162,2348,1471
4130,2037,250,555,214,3820,1654
4131,3401,278,847,356,3204,2352
4132,8129,646,1608,964,7346,7527
4133,5198,727,1304,622,5985,3930
4151,6234,557,1032,316,5608,2539
4152,12793,1801,2685,883,18252,8267
4153,1112,101,250,88,1934,891
4154,2085,173,496,205,4896,3120
4155,343,51,67,24,678,278
4156,672,77,114,38,1558,684
4157,5178,723,1463,532,7592,3544
4158,1067,134,423,145,1304,684
4159,3473,731,988,348,6236,2724
4160,4166,692,1215,479,8170,3415
4161,4421,615,1262,458,6244,3256
4163,3437,994,1528,486,6251,2101
4164,3415,531,797,336,6556,3074
4165,7990,1650,2305,951,16218,7696
4169,6968,347,1062,356,4103,1155
4170,8947,647,1668,543,8162,4555
4171,4801,325,1046,361,6108,3079
4172,1400,117,280,110,1532,864
4173,2327,258,712,216,3217,1551
4174,680,61,189,73,860,518
4178,6925,1324,2323,792,9150,4690
4179,4804,867,1547,484,7734,3866
4183,566,104,250,76,758,352
4184,1513,436,1203,417,2572,759
4205,1294,622,489,206,1924,846
4207,15962,2020,4410,1980,18801,12039
4208,4734,401,1181,531,7860,5257
4209,14411,713,2731,1508,16590,14123
4210,4930,422,1385,549,7686,4508
4211,16409,2010,4978,1933,23019,12447
4212,6202,1191,2192,739,12981,4750
4213,6803,890,2080,757,12230,6278
4214,11020,1616,2949,977,14181,6490
4215,18788,2835,5840,1807,14435,6461
4216,9063,2368,4117,1313,15369,5205
4217,14164,1677,4254,1298,14738,4710
4218,10805,1392,3162,944,11156,4403
4220,9349,1583,2945,929,11355,5071
4221,7560,1269,2680,801,9699,4794
4222,0,0,0,0,0,0
4223,3473,670,1304,377,5444,2615
4224,2004,348,713,232,2217,1077
4225,2723,539,995,336,2494,666
4226,8550,1652,2529,840,13083,5592
4227,6512,659,1770,616,7570,4556
4228,1249,217,340,88,2361,1047
4229,377,0,0,0,4,0
4230,480,85,170,55,696,186
4270,976,86,310,119,1687,781
4271,608,134,319,108,1195,527
4272,795,212,463,130,2232,770
4275,911,79,274,102,1414,652
4280,4361,356,1060,488,6622,3975
4285,4964,812,1520,693,7904,4352
4287,183,34,75,34,367,128
4300,15504,1072,3308,1704,19697,14393
4301,8693,628,1624,983,8338,7976
4303,1250,284,363,172,1009,860
4304,5759,771,1455,701,5213,3416
4305,18596,2719,4866,2337,20191,13843
4306,8697,900,2422,983,15101,7690
4307,376,37,111,41,690,296
4309,586,127,216,71,1381,624
4310,1245,353,396,139,2650,972
4311,2780,407,902,404,3842,2264
4312,524,137,303,94,1195,411
4313,490,145,215,82,991,405
4340,1435,263,429,205,2048,1069
4341,3609,606,1232,541,5528,3074
4342,784,74,208,80,992,477
4343,3564,531,724,344,4198,2007
4344,647,96,201,80,1051,560
4345,303,0,0,0,17,5
4346,203,27,68,30,365,179
4347,281,63,94,32,496,221
4350,29355,5700,7987,3026,40029,20646
4352,5423,682,1407,523,13636,6783
4353,60,6,26,13,125,60
4354,263,53,99,38,492,257
4355,523,200,230,79,1152,498
4356,1095,342,286,118,2240,1097
4357,590,132,195,63,1126,471
4358,476,48,145,59,1012,530
4359,282,26,87,42,573,232
4360,141,22,43,4,251,121
4361,513,141,234,83,1222,465
4362,477,144,195,74,1124,455
4363,148,29,45,17,259,111
4364,57,6,9,5,90,51
4365,116,18,66,29,203,69
4370,4547,1046,1470,539,7189,3734
4371,138,34,54,23,345,118
4372,24,9,15,3,75,27
4373,212,93,98,37,431,161
4374,69,21,41,6,178,43
4376,69,13,25,9,147,49
4378,103,16,39,13,245,91
4381,141,34,46,24,250,108
4382,124,17,40,14,241,90
4384,12,5,7,0,26,15
4387,304,85,96,56,524,227
4388,80,22,26,13,178,96
4390,1664,324,372,171,2792,1553
4400,440,40,136,50,808,414
4401,1521,278,354,199,2141,1219
4402,52,21,26,10,135,46
4403,139,26,43,42,371,189
4404,127,7,29,5,250,123
4405,3741,590,858,406,5531,3359
4406,314,42,73,41,686,316
4407,129,17,32,15,244,89
4408,128,40,52,15,263,131
4410,221,88,107,41,498,174
4411,54,10,10,13,121,82
4412,47,5,13,5,84,41
4413,1946,339,449,258,3121,1902
4415,495,113,138,47,752,441
4416,122,13,25,9,224,100
4417,131,40,50,30,270,136
4418,24,5,6,0,55,21
4419,293,32,48,26,421,133
4420,250,72,69,32,530,226
4421,692,140,268,131,835,417
4422,95,10,26,7,229,121
4423,34,6,12,0,100,42
4424,45,4,12,6,101,65
4425,41,6,17,9,90,52
4426,29,9,8,6,50,21
4427,96,17,27,20,137,57
4428,127,29,32,20,315,146
4454,185,32,36,22,304,125
4455,2293,319,539,218,3195,1925
4461,10,3,0,0,33,7
4462,22,5,8,6,52,16
4465,320,70,52,32,512,245
4467,34,16,16,0,87,38
4468,50,10,19,6,127,39
4470,968,189,210,90,1352,768
4472,316,97,93,44,638,242
4474,17,3,9,3,43,13
4475,0,0,0,0,0,0
4477,120,28,28,12,189,95
4478,96,13,27,24,229,93
4479,0,0,0,0,8,3
4480,229,31,61,19,261,154
4481,37,6,7,0,47,25
4482,75,5,7,0,43,17
4486,185,32,48,26,296,123
4487,802,136,167,71,1218,702
4488,53,9,9,5,130,47
4489,20,9,7,0,53,12
4490,458,76,97,51,451,291
4491,16,3,16,4,44,13
4492,96,13,15,7,115,55
4493,3,4,4,0,11,0
4494,28,3,7,0,71,49
4496,65,7,22,13,93,65
4497,68,9,17,5,159,70
4498,55,0,10,9,93,52
4500,11148,1046,2743,1184,16827,9453
4501,1760,239,568,199,1836,1047
4502,2129,189,638,222,3576,1929
4503,12053,1398,3004,1473,15712,10000
4504,4374,305,963,476,7478,4972
4505,5168,853,1409,574,8501,3943
4506,6449,628,1672,752,7296,5022
4507,3148,1666,2104,730,8537,1963
4508,5683,894,1911,793,6292,4295
4509,6925,695,1679,772,11806,8231
4510,13595,2199,4265,1949,16083,10215
4511,1790,429,764,282,4189,1635
4512,821,94,250,78,1535,663
4514,2087,275,591,290,2957,1203
4515,918,197,336,134,1692,790
4516,1023,110,218,112,1713,793
4517,181,48,67,14,324,136
4518,1194,179,373,154,2219,952
4519,2083,361,718,289,3280,1693
4520,2703,279,691,213,6453,2857
4521,916,97,287,93,2338,998
4550,1185,133,346,152,1669,770
4551,12543,3290,4977,1689,24039,10201
4552,1753,432,938,243,3899,1164
4553,1381,134,436,139,2544,1254
4554,472,48,144,41,815,421
4555,1555,266,510,207,2984,1406
4556,10220,2318,3231,1020,18504,8048
4557,5607,516,1756,564,6963,3588
4558,5721,1276,2301,665,6900,2294
4559,1387,205,517,167,2743,1298
4560,7707,1624,2967,980,12655,5778
4561,1705,215,593,161,3137,1405
4562,1725,196,628,210,3669,1607
4563,1857,385,828,246,3652,1502
4564,2667,397,1049,348,4339,1795
4565,3301,923,1553,440,5985,2297
4566,1577,469,858,238,3900,1079
4567,2851,424,1186,307,4525,1720
4568,801,127,351,110,1525,630
4569,396,48,166,53,626,334
4570,10094,2043,4145,1508,16637,8001
4571,171,25,88,27,351,146
4572,1306,253,387,133,1459,411
4573,6218,1000,2272,730,10469,5586
4574,289,58,152,24,553,218
4575,5868,1176,2069,717,9716,4231
4580,840,316,634,215,2291,585
4581,426,51,174,46,631,197
4600,183,57,91,42,368,154
4601,229,59,77,25,553,223
4605,1547,233,240,120,1528,1177
4606,545,180,207,75,1004,437
4608,188,35,97,31,409,153
4610,3622,747,1105,523,5769,3070
4611,27,0,17,0,47,26
4612,65,15,25,12,106,39
4613,193,49,73,23,382,142
4614,257,70,152,39,469,197
4615,1554,404,768,275,2843,1207
4620,77,25,36,27,175,50
4621,366,130,187,62,761,280
4625,710,145,205,63,1165,474
4626,551,106,131,49,952,415
4627,219,31,68,20,357,184
4630,472,158,178,76,1083,432
4650,8236,2001,3183,1259,13405,5806
4655,13075,3574,5587,2215,24922,10169
4659,835,268,611,175,2306,597
4660,1378,382,705,286,3412,989
4662,183,53,88,28,273,171
4670,19379,4646,6666,2688,31831,14399
4671,1339,274,643,274,2532,1005
4673,113,33,59,27,308,113
4674,328,44,185,70,627,201
4676,36,4,27,4,69,19
4677,825,102,351,106,1521,646
4678,165,31,86,39,404,123
4680,14259,1519,3427,1596,20722,12637
4694,51,9,10,10,62,35
4695,238,38,96,37,458,245
4697,29,0,13,5,70,30
4699,82,14,31,9,194,118
4700,5706,1081,1497,540,5493,3123
4701,12197,1970,3019,1222,15582,8776
4702,7229,871,1943,843,11396,6326
4703,5569,1022,1763,721,9229,4229
4704,36,5,8,5,62,26
4705,72,8,20,13,163,70
4706,18,8,14,7,40,19
4707,64,10,44,11,95,29
4709,199,8,45,17,493,361
4710,1163,287,385,146,1856,1000
4711,445,53,84,34,880,352
4712,62,11,37,8,112,61
4713,496,7,17,16,106,324
4714,876,217,359,131,898,454
4715,1721,272,304,198,2951,1678
4716,158,39,55,18,416,194
4717,1413,39,248,155,1673,1207
4718,586,55,133,81,949,575
4719,247,42,62,20,449,185
4720,3709,226,756,367,5535,3804
4721,809,139,201,82,1593,893
4722,398,63,89,42,837,382
4723,347,35,70,24,590,363
4724,152,21,18,11,275,109
4725,371,79,91,47,642,305
4726,112,34,11,11,146,99
4727,63,8,11,4,122,58
4728,32,12,21,12,81,45
4730,976,150,199,80,1220,605
4731,46,11,12,7,100,37
4732,39,4,10,3,55,24
4733,33,8,11,4,103,33
4735,286,61,93,38,325,161
4736,37,4,8,0,37,17
4737,2041,324,605,253,3270,1648
4738,272,39,99,33,519,216
4739,72,25,36,15,138,47
4740,21939,3222,5839,2521,30440,16126
4741,1654,221,512,197,3217,1266
4742,344,24,127,50,401,199
4743,164,8,40,13,244,157
4744,2288,74,443,262,3173,2500
4745,893,23,201,107,977,791
4746,510,5,107,58,715,541
4750,1461,107,371,196,2137,1481
4751,1081,115,240,129,1993,947
4753,966,61,164,104,1811,1170
4754,535,111,136,57,915,491
4756,119,26,55,34,258,117
4757,79,8,38,15,143,72
4798,132,27,63,12,312,143
4799,234,43,110,41,428,208
4800,2224,421,711,287,3842,1840
4801,191,0,12,0,50,9
4802,3398,188,876,343,3193,1833
4803,1225,19,120,44,319,146
4804,430,109,138,48,705,298
4805,3022,542,891,332,4048,1997
4806,908,247,249,122,1656,685
4807,2778,686,739,285,4581,1972
4808,245,58,65,26,518,198
4809,244,33,86,34,431,167
4810,8353,919,2209,711,6635,3008
4811,4420,342,851,388,4753,2389
4812,6342,940,1889,668,5599,3374
4814,16147,1521,2940,1160,15417,8942
4815,6247,706,1336,738,7001,5005
4816,2950,280,660,256,3216,1913
4817,8431,856,1993,867,11453,6811
4818,8086,449,1746,798,9999,7135
4819,634,106,350,98,886,269
4820,2942,537,775,308,3902,2390
4821,348,82,93,24,538,237
4822,234,41,42,15,311,147
4823,277,34,75,17,377,142
4824,937,86,164,84,946,551
4828,77,10,12,6,60,49
4829,183,12,33,13,141,86
4830,770,37,34,16,252,595
4849,322,112,173,50,561,154
4850,2494,787,774,227,4924,1707
4852,992,105,358,113,1481,642
4854,1570,256,390,138,2107,1018
4855,200,37,60,12,319,143
4856,181,33,58,19,291,124
4858,356,62,103,42,617,306
4859,145,27,37,18,161,71
4860,3151,661,826,358,4132,2169
4861,412,95,131,47,515,252
4865,2179,280,541,250,2949,1911
4868,6433,822,1641,675,7656,4819
4869,5582,411,1232,547,6100,5137
4870,24164,2655,6276,2173,22334,13404
4871,3496,407,760,262,3735,2320
4872,934,189,327,107,1679,659
4873,1982,263,593,179,2229,1211
4874,1910,62,234,82,1529,1419
4875,3617,179,212,136,1413,2539
4876,1253,56,44,28,404,1032
4877,1733,166,570,165,1809,694
4878,4437,411,1396,439,4408,2397
4879,5163,512,1701,592,7684,3790
4880,4016,661,925,396,4912,2387
4881,1327,144,505,145,1528,854
4882,559,132,188,71,1238,533
4883,2168,592,761,224,3135,1556
4884,393,95,163,47,811,364
4885,847,220,319,91,1648,681
4886,218,40,81,32,334,142
4887,581,109,232,76,679,360
4888,851,124,343,133,1083,564
4890,544,34,64,32,282,324
4891,128,25,73,16,237,59
4892,3078,126,120,66,672,1548
4895,1768,158,365,158,1059,944
800,3034,76,458,177,2182,536
810,10521,892,2073,811,12254,6752
812,5744,489,1289,507,6777,4069
815,248,0,6,3,36,0
820,7171,446,1458,457,6860,3051
822,8203,854,940,500,8394,6664
828,421,24,83,40,389,243
829,1046,12,45,54,638,48
830,5905,352,1197,490,5750,4512
832,4816,185,792,333,5256,4197
834,574,35,157,43,665,354
835,1907,82,392,147,2033,577
836,2354,157,545,192,2748,1759
837,119,6,28,16,153,82
838,284,12,55,20,257,187
839,254,9,45,17,121,94
840,93,7,61,29,140,30
841,243,13,57,44,180,162
845,208,17,54,25,104,108
846,104,21,39,22,98,72
847,108,19,35,14,88,67
850,2703,209,535,243,2624,1818
852,2203,232,294,267,2953,2353
853,279,0,28,9,312,232
854,482,8,28,10,98,252
860,1062,104,190,101,893,645
862,329,16,23,10,157,235
870,6710,488,1260,552,6565,4057
873,692,156,168,105,881,436
874,135,9,34,16,229,126
875,793,49,151,64,681,637
880,1479,115,235,147,1783,1461
885,238,0,37,24,331,244
886,361,12,85,42,326,255
2000,14981,336,1477,492,8879,1251
2006,1200,0,3,0,34,15
2007,6307,93,323,114,1632,375
2008,8915,54,423,140,1769,407
2009,5868,215,920,246,4368,1187
2010,17696,530,2008,542,5602,1347
2011,13224,599,1868,520,4194,788
2015,5349,133,593,184,2550,1110
2016,7795,397,1140,266,2707,911
2017,14522,546,1714,471,5613,1829
2018,6125,637,1003,391,6273,2597
2019,3147,399,709,231,4116,2229
2020,6035,404,753,262,5352,1963
2021,6982,332,1146,251,4597,1998
2022,4953,497,854,250,4117,1838
2023,3467,328,649,155,4177,1940
2024,3891,518,720,189,3726,2029
2025,2476,389,630,122,2692,1092
2026,15420,783,1946,553,9112,4672
2027,2892,496,675,170,3060,900
2028,1774,246,417,73,1609,532
2029,2940,479,676,186,3887,1795
2030,3504,531,708,203,6145,2992
2031,14273,1141,2066,650,11092,5509
2032,8400,539,830,259,4770,1893
2033,5579,290,546,181,3513,1458
2034,8633,585,1362,412,6461,3256
2035,11691,1584,2157,706,12648,5698
2036,9581,1341,2035,794,11542,5122
2037,8431,415,1203,342,4174,1551
2038,3751,225,723,176,3007,1564
2039,2992,164,652,184,3221,1511
2040,7465,762,1604,457,7494,4465
2041,4939,399,1427,309,5869,2736
2042,11145,322,1207,344,4183,1926
2043,4467,115,501,155,1881,885
2044,3383,227,540,191,2337,1171
2045,1741,396,310,106,2694,1206
2046,7009,1359,1884,538,11238,4790
2047,3558,587,936,244,4717,1906
2048,3723,196,519,117,2271,1110
2049,5219,321,806,229,3167,1536
2050,5561,136,554,128,1900,678
2052,3201,5,25,5,168,20
2060,5600,452,1097,292,5123,1423
2061,2271,233,523,158,2319,441
2062,2153,199,604,167,2602,1279
2063,1289,298,253,84,3001,1423
2064,2827,231,499,159,3981,1832
2065,10583,762,2136,554,11698,4389
2066,8660,1079,1794,580,13429,6086
2067,7983,862,1285,417,11524,4330
2068,3674,574,820,279,7561,3908
2069,3187,485,575,148,6793,3069
2070,3007,589,519,185,6386,2821
2071,3147,572,549,160,6564,2551
2072,1807,292,371,112,3707,1385
2073,3394,490,549,191,8096,3636
2074,4436,1390,921,284,10919,4312
2075,3771,903,768,254,10483,4280
2076,5606,1184,1097,350,11512,4903
2077,8770,1300,2354,703,17256,7411
2079,1650,199,366,132,3284,1472
2080,371,60,97,21,795,362
2081,1206,133,236,79,2551,1169
2082,1100,155,303,101,2506,1243
2083,417,57,161,48,621,215
2084,809,136,167,55,1740,710
2085,2211,765,566,148,5647,2281
2086,2791,410,562,161,6338,3148
2087,2577,581,632,161,5889,2950
2088,7480,1221,2069,491,12198,5014
2089,4606,404,1084,251,4065,1503
2090,4474,449,1290,269,5238,2006
2092,1474,182,303,89,3274,1809
2093,5461,715,1371,431,9602,5286
2094,1747,193,423,110,2336,1030
2095,6345,540,1281,319,5323,2058
2096,4841,321,983,280,5362,2873
2097,3902,613,948,309,6633,3128
2099,11097,1644,3177,882,15747,7377
2100,5198,864,1197,366,8897,4394
2101,4681,1207,1583,480,7882,3565
2102,1542,340,481,151,3271,1710
2103,2388,627,793,190,4774,1894
2104,660,404,292,62,1719,488
2105,374,47,168,47,920,290
2106,2304,322,795,176,3955,1746
2107,3117,567,1012,279,6771,2926
2108,372,83,138,45,853,190
2109,1919,120,84,13,769,187
2110,2669,625,578,147,4318,2015
2111,3888,630,916,271,6129,2582
2112,9157,1434,1773,620,14138,5733
2113,5237,747,979,276,7977,3150
2114,6836,704,1223,454,10868,3971
2115,2744,452,653,231,4475,2180
2116,1707,241,455,144,2811,1293
2117,5577,775,1360,450,9116,4009
2118,5559,943,1065,387,11817,4573
2119,2503,489,404,121,5905,2222
2120,4604,691,974,302,9626,4002
2121,7489,923,1072,376,13429,4927
2122,9934,1322,1605,482,13263,4547
2123,0,0,0,0,0,0
2125,3679,503,532,192,8445,3024
2126,4257,726,662,218,9481,3429
2127,4161,202,846,346,6509,2462
2128,1834,31,171,128,1508,493
2129,0,0,0,0,0,0
2130,2891,223,507,165,2393,1127
2131,8705,999,1678,462,9049,2942
2132,3178,489,592,186,4420,1756
2133,3046,444,662,254,4594,2010
2134,6912,551,879,295,5819,1572
2135,8971,1011,1025,393,10663,3191
2136,2180,313,408,157,3063,1244
2137,6904,1070,1460,502,12093,4480
2138,7053,421,847,297,8480,2925
2139,38,12,7,0,3,0
2140,5357,288,693,285,7093,2447
2141,8780,898,1527,561,12432,4481
2142,7075,721,1534,709,10986,5266
2143,2358,338,589,248,3619,1771
2144,9985,1091,1702,872,16472,7246
2145,17203,3268,3875,1568,36325,16978
2146,4194,601,872,314,7920,3564
2147,9446,1528,2298,894,15055,7119
2148,16033,2739,3504,1685,26213,12892
2150,8654,671,1574,618,14772,5212
2151,5666,909,1421,471,8873,3972
2152,2579,674,759,271,4813,2118
2153,11969,2089,2617,879,27052,11943
2154,8468,1850,1749,652,19162,7713
2155,11336,956,1970,831,26056,14295
2156,2809,495,455,146,6618,2417
2157,887,120,222,72,1705,742
2158,2002,389,468,136,4017,1569
2159,1104,234,274,96,2323,947
2160,9698,1512,2062,1100,14091,7497
2161,8127,1252,1779,1047,11804,7411
2162,4829,886,1279,586,6931,4114
2163,2764,518,877,381,3179,1862
2164,5162,957,1184,649,7806,3857
2165,11663,1961,2872,1462,16049,8435
2166,14597,2388,4927,1687,19312,9862
2167,2254,460,550,225,4046,2095
2168,12421,1686,2871,1526,15201,9740
2170,26025,4311,6472,3252,42099,23289
2171,8142,659,1384,892,14933,8853
2172,615,44,86,34,1387,621
2173,3872,247,654,289,6002,3365
2174,437,48,66,25,1080,614
2175,470,85,87,30,851,316
2176,12981,1988,2298,1316,20693,8533
2177,4607,610,1039,498,6127,3096
2178,1137,176,186,71,1902,745
2179,1657,353,357,155,2773,1237
2190,6368,1138,1368,755,9790,6153
2191,1566,324,385,182,2590,1270
2192,3486,599,914,397,5066,2252
2193,4657,575,907,329,6284,2505
2194,6675,783,1732,626,10971,3744
2195,5940,763,1315,653,11732,6747
2196,8132,1210,1745,886,12746,7102
2197,2245,432,570,312,3440,2068
2198,2012,554,415,227,3826,1999
2199,4417,880,1190,590,6957,3985
2200,10393,1532,3180,1308,17500,9771
2203,5476,457,971,345,4307,2151
2204,11353,1024,1818,617,7919,3770
2205,7810,517,959,423,7128,2609
2206,5010,970,1039,428,8377,3569
2207,7133,1659,1653,763,12121,5213
2208,3230,590,667,273,5439,2247
2209,4178,770,981,344,6773,2727
2210,7575,1835,2119,759,13039,5266
2211,4326,983,1147,411,7121,2862
2212,4123,892,1042,388,6376,3027
2213,5267,995,1308,514,9295,4411
2214,925,157,188,92,1794,797
2216,8394,1105,1931,724,11866,4043
2217,7133,1099,1686,599,11804,4528
2218,4545,556,1030,365,7264,2659
2219,3191,778,1160,349,5501,2209
2220,10218,1062,1690,555,14342,4625
2221,4086,798,846,292,7402,3056
2222,3440,520,768,285,5678,2105
2223,5286,904,1198,430,9303,3792
2224,3118,869,890,293,6462,2577
2225,1070,158,213,84,2589,1290
2226,2794,495,701,230,5564,2720
2227,3471,605,878,323,6439,2910
2228,4573,1138,1318,429,7556,3344
2229,6942,1532,1967,606,12182,5488
2230,8924,1156,2358,738,11306,4353
2231,533,80,172,61,855,570
2232,8263,1516,2384,720,13764,6222
2233,6411,1167,1413,549,13547,6415
2234,7572,924,1468,504,14464,5648
2250,17837,3888,5785,1949,25481,12262
2251,7304,1823,2627,841,13997,6116
2256,4301,1168,1695,575,5523,2329
2257,7526,2006,2909,982,10765,4825
2258,1365,159,396,146,2088,1019
2259,15048,3000,4856,1898,22743,11963
2260,5517,839,1698,598,10197,4575
2261,13876,3272,4879,1846,19236,9646
2262,5738,1071,1886,803,7114,4222
2263,6719,1878,2693,987,7942,4048
2264,3465,870,1249,414,5890,2346
2265,1364,361,395,156,2546,986
2267,575,124,284,101,1285,396
2278,707,74,165,73,1044,517
2280,6266,1400,2069,685,11447,4814
2281,3393,1037,1198,415,5996,2241
2282,3194,749,1036,328,6765,2700
2283,5731,1490,2018,609,9637,3815
2284,2920,648,1016,370,3798,1747
2285,7924,1415,2122,815,11849,6583
2286,1075,145,273,104,1514,799
2287,10196,1746,2494,847,13956,7152
2289,5053,841,1262,377,7815,3776
2290,8680,1900,2523,867,13155,6305
2291,4229,549,899,260,5127,2355
2292,899,101,241,90,695,438
2293,1036,89,249,82,740,326
2294,822,61,195,73,501,278
2295,1849,458,648,201,2765,1004
2296,874,45,198,55,435,285
2297,646,58,164,64,427,314
2298,3590,748,766,257,2739,1400
2299,3942,584,867,278,3513,2018
2300,4708,356,979,294,3207,1033
2302,292,24,68,32,126,17
2303,3229,496,852,231,2961,1368
2304,5818,867,1441,487,4269,2285
2305,3293,583,981,300,4847,2497
2306,1224,204,357,140,700,735
2307,1434,218,277,132,1198,640
2308,1316,0,0,0,8,0
2311,198,45,52,29,374,157
2312,355,62,123,51,585,279
2314,161,0,15,9,25,0
2315,3063,1027,1411,424,6566,2165
2316,1376,305,546,169,2487,963
2317,1241,534,627,183,2688,969
2318,2642,374,791,303,5425,2612
2319,1492,397,648,226,2732,1186
2320,9024,1369,2332,1011,13142,7684
2321,3511,460,910,396,6064,3279
2322,4780,705,1316,530,7256,3872
2323,6750,1180,2004,742,9847,5213
2324,6005,1280,2107,748,9286,4212
2325,8156,1506,2325,996,9860,5618
2326,2017,353,614,276,2563,1504
2327,2300,502,707,294,2436,1375
2328,585,126,167,101,970,497
2329,510,110,169,73,819,421
2330,5290,775,1305,546,8040,4399
2331,283,0,6,5,23,0
2333,3905,533,928,475,4659,3149
2334,775,71,207,73,993,715
2335,1462,177,387,173,2502,1451
2336,659,114,137,75,1068,556
2337,1953,412,510,205,3161,1651
2338,345,111,140,35,559,240
2339,151,20,63,14,300,127
2340,13122,2491,3444,1541,18258,10220
2341,425,107,140,77,558,262
2342,96,21,36,15,204,93
2343,1224,326,372,160,1952,936
2344,151,27,61,18,351,152
2345,173,24,55,17,320,130
2346,762,245,265,117,1201,555
2347,407,152,181,54,822,313
2350,7860,1205,1662,667,9184,4757
2351,949,0,6,0,20,3
2352,624,105,221,80,1098,581
2353,191,122,110,38,467,194
2354,754,221,234,85,1645,633
2355,152,44,74,30,267,96
2356,50,8,15,7,49,32
2357,956,313,310,154,1678,736
2358,879,212,321,106,1582,671
2359,167,49,49,24,310,130
2360,3837,851,984,446,5476,2933
2361,198,74,72,51,352,164
2365,893,216,237,87,1541,748
2369,299,58,70,30,290,179
2370,1968,546,650,241,2907,1369
2371,241,71,138,53,518,136
2372,999,375,517,159,1948,753
2379,71,12,11,7,152,60
2380,2634,675,615,321,3950,2198
2381,335,69,73,36,454,224
2382,340,93,78,67,497,256
2386,67,14,21,16,159,83
2387,56,5,7,0,93,38
2388,720,142,156,70,971,624
2390,2179,465,499,214,3585,1822
2395,174,43,105,26,251,73
2396,220,62,76,31,320,150
2397,83,10,28,10,157,93
2398,55,4,22,3,105,45
2399,152,22,27,23,246,131
2400,3092,507,538,342,3450,2153
2401,71,12,15,10,144,70
2402,426,137,135,65,695,327
2403,166,25,47,19,296,164
2404,352,192,165,59,815,261
2405,126,17,33,23,213,107
2408,81,8,12,9,173,86
2409,433,26,45,15,248,267
2410,49,10,16,5,132,55
2411,25,6,7,5,46,25
2415,87,17,27,6,183,75
2420,921,260,354,100,1703,680
2421,433,54,127,35,812,378
2422,1150,381,468,173,2314,856
2423,725,165,346,131,1201,400
2424,100,15,42,28,156,77
2425,388,97,146,64,738,340
2426,137,44,76,32,302,129
2427,521,239,302,119,1640,296
2428,4994,2169,2641,864,10095,3253
2429,2314,632,952,326,3886,1607
2430,7951,2301,3157,1153,13528,5930
2431,1030,439,513,172,2294,679
2439,587,135,232,94,1390,498
2440,6263,1354,1947,827,7434,3987
2441,1071,177,460,158,1729,745
2443,1659,864,1015,325,4023,1002
2444,10323,3236,4581,1537,18914,7696
2445,1234,308,532,176,3102,1115
2446,3115,756,1099,432,5319,2612
2447,1670,445,631,233,2921,1280
2448,2233,738,1052,342,3322,1309
2449,649,122,265,77,662,419
2450,11244,2437,4111,1487,16615,8007
2452,3810,898,1485,535,5569,2829
2453,757,178,299,67,1050,416
2454,2000,357,820,227,2661,1510
2455,704,225,352,125,1206,393
2456,3510,731,1291,511,6003,2708
2460,7678,1828,2579,1065,10829,5239
2462,579,140,302,68,986,370
2463,1678,499,652,219,3329,1161
2464,1461,582,719,196,2923,863
2465,98,16,27,9,97,39
2466,297,156,225,70,780,189
2469,1083,206,470,172,1542,543
2470,4028,969,1238,468,5449,3067
2471,661,117,228,63,942,509
2472,527,64,181,74,665,342
2473,726,238,370,116,1203,450
2474,1649,405,652,229,2360,1037
2475,91,23,36,18,150,68
2476,181,40,65,36,334,125
2477,2773,764,1015,275,5146,2226
2478,6886,1957,2720,875,11360,4512
2479,1261,192,434,114,1858,874
2480,13790,2063,4264,1433,15051,7996
2481,4492,440,1388,281,3437,1730
2482,1949,308,773,237,1864,1149
2483,3336,452,1351,395,3273,1805
2484,4974,952,1908,637,6988,3416
2485,3830,1368,1860,525,5090,1703
2486,7380,2490,3017,925,12777,5015
2487,3153,739,1295,394,5392,2459
2488,902,112,328,112,1144,663
2489,1440,373,600,173,3117,1650
2490,167,16,78,15,262,118
2500,16222,1788,2910,927,13374,5287
2502,3589,867,1017,382,4176,2404
2505,1558,375,411,139,1694,830
2506,2306,459,592,242,2557,1447
2508,2219,236,487,173,3909,1944
2515,2731,366,733,230,4785,2270
2516,1562,194,368,115,2478,1387
2517,3270,787,1037,328,5557,2753
2518,5536,1220,1634,584,6774,3315
2519,4751,884,1182,465,6742,2903
2522,284,0,0,0,10,0
2525,2626,584,655,252,5158,2287
2526,3929,808,901,321,6741,2931
2527,5466,902,1419,577,8566,4454
2528,6549,1503,2162,820,8632,4113
2529,6047,966,1700,648,11291,5378
2530,7880,1593,2275,830,12965,6468
2533,3345,773,1100,326,7493,2587
2534,1161,366,407,113,2660,1005
2535,1327,602,700,184,3512,1006
2536,3958,1319,1822,573,7359,2690
2537,2649,741,1187,386,5206,1641
2538,421,195,203,56,1138,383
2539,3780,1189,1733,575,7995,2713
2541,7057,1591,2409,896,8867,4815
2545,273,39,121,38,432,140
2546,1839,734,1094,303,3992,1158
2548,1619,603,814,238,3488,968
2549,827,217,327,131,1624,661
2550,4022,765,1495,486,6280,2805
2551,876,272,340,111,1364,537
2555,54,11,20,15,74,53
2556,687,75,139,59,1092,463
2557,2189,181,333,200,3990,2062
2558,3311,246,739,374,4178,2272
2559,1177,77,216,103,516,978
2560,22153,2790,5176,2625,27530,16246
2563,95,13,23,8,101,65
2564,3863,501,995,450,4950,3166
2565,5171,687,1253,527,8228,4118
2566,7034,787,1588,738,10473,5709
2567,9225,815,2058,985,15788,9630
2568,224,128,39,12,597,147
2569,318,30,89,42,607,269
2570,8916,1553,2214,847,17451,9127
2571,2792,279,671,292,5072,2748
2572,1064,234,261,119,1908,892
2573,1406,221,393,163,1789,1094
2574,1422,191,372,139,2404,1218
2575,3876,689,1247,408,6304,2954
2576,2362,992,1078,290,6595,2116
2577,3529,738,1331,427,6599,2794
2578,551,205,276,83,1199,371
2579,855,169,325,116,1806,756
2580,8061,1657,2244,890,11123,5248
2581,451,71,174,40,916,432
2582,2733,582,810,281,5421,2615
2583,935,303,318,136,1982,707
2584,120,28,54,14,217,109
2585,44,10,13,9,98,48
2586,648,161,202,85,1109,413
2587,647,204,248,106,1205,510
2588,43,8,26,4,131,40
2590,1593,512,538,169,3075,1206
2594,2939,671,752,363,4478,2474
2619,2092,141,470,153,4372,2281
2621,1323,116,379,139,2744,1353
2622,912,199,413,110,1638,642
2623,184,20,63,16,205,133
2625,170,9,38,13,119,45
2626,120,9,47,15,220,93
2627,1647,97,301,101,1642,832
2628,466,85,186,63,743,365
2629,106,39,42,23,260,58
2630,2336,551,691,277,3431,1407
2631,141,25,51,26,235,94
2632,423,135,148,53,738,334
2633,93,27,35,19,159,45
2640,10174,1842,2661,934,13792,6943
2641,4302,803,1381,542,5325,2716
2642,969,167,306,88,2170,1088
2643,600,159,204,87,1230,501
2644,493,168,188,55,1040,452
2645,91,41,22,19,165,69
2646,1517,449,512,231,2893,1161
2647,403,165,189,60,1018,339
2648,579,169,212,84,996,334
2649,8,0,3,0,15,4
2650,16120,2619,3655,1544,21358,11675
2651,745,39,134,79,752,522
2652,1084,177,299,150,1930,932
2653,643,130,186,72,1091,414
2655,261,72,98,30,606,268
2656,268,105,67,47,543,245
2658,285,112,93,40,586,317
2659,211,36,54,11,378,194
2660,341,82,133,58,645,353
2661,409,0,28,7,122,61
2663,1663,250,339,176,1869,892
2665,449,108,135,54,1028,456
2666,1291,394,372,158,2381,1073
2668,99,18,37,16,189,108
2669,351,98,92,43,729,349
2671,918,304,236,95,1732,828
2672,450,109,58,42,566,353
2675,451,92,77,44,611,296
2678,324,0,0,0,4,8
2680,6163,1261,1122,610,9795,4989
2681,395,75,79,44,752,377
2700,1283,360,299,167,1866,948
2701,505,150,141,67,1002,530
2702,152,52,35,25,344,167
2703,378,50,48,19,233,252
2705,2642,575,580,282,4031,2039
2706,331,51,75,63,397,243
2707,329,59,61,36,571,298
2710,2596,654,839,304,3942,1786
2711,898,183,205,105,1386,587
2712,325,96,123,37,564,208
2713,632,211,220,88,1145,500
2714,471,240,230,76,1289,457
2715,392,87,99,39,564,290
2716,267,63,77,36,466,190
2717,420,57,85,39,489,243
2720,1969,521,550,235,3216,1526
2721,57,12,3,6,110,45
2722,853,204,216,79,1233,627
2725,70,25,30,14,161,68
2726,51,8,22,4,94,37
2727,83,16,17,4,147,87
2729,370,88,112,44,710,363
2730,381,110,132,44,530,201
2731,1309,407,449,162,2954,1122
2732,351,167,144,57,803,253
2733,90,55,39,23,235,104
2734,80,3,24,5,256,83
2735,104,17,20,15,205,77
2736,81,25,22,10,184,56
2737,207,27,47,10,331,211
2738,321,54,73,30,793,396
2739,349,40,96,36,585,296
2745,7244,588,1543,687,12455,6995
2747,12226,1315,2902,1258,15360,9363
2748,534,59,78,36,876,287
2749,4845,415,1011,438,6344,3873
2750,12512,2286,3556,1475,16385,8587
2752,1246,161,274,112,2046,1075
2753,4873,843,1359,484,6400,3171
2754,1512,282,482,154,2203,1071
2755,153,4,11,9,55,27
2756,9296,991,2336,938,13090,7278
2757,197,32,66,17,383,162
2758,2001,288,552,160,4051,1669
2759,7416,650,1473,669,10738,5391
2760,10064,1379,2467,1160,11213,7542
2761,8218,854,1305,735,12506,7334
2762,1190,113,244,111,2101,1225
2763,7326,741,1555,662,13448,7146
2765,4739,549,981,434,6414,2992
2766,4169,784,773,447,6199,3158
2767,6151,722,1127,516,9315,4690
2768,6701,572,1171,465,13188,6667
2769,1881,185,351,160,5716,3439
2770,18934,2342,3559,2214,19028,15213
2773,1379,221,337,99,2810,1163
2774,2963,420,857,282,5748,2671
2775,416,62,215,82,548,178
2776,1005,133,295,87,1673,834
2777,4012,953,1268,387,7624,3357
2778,620,57,209,75,1033,429
2779,1261,172,406,135,1904,1095
2780,4535,679,1577,445,4104,1886
2782,1457,351,595,147,2525,1001
2783,750,101,271,93,907,482
2784,367,32,113,30,458,231
2785,1250,224,522,158,1682,710
2786,378,65,166,43,435,201
2787,1168,262,332,129,1800,762
2790,4441,954,1428,489,5865,2589
2791,75,23,32,10,159,44
2792,78,17,41,13,173,65
2793,237,49,109,51,401,133
2794,2678,733,827,329,3998,1856
2795,12657,1878,2994,1183,15477,8363
2797,100,17,35,9,180,77
2798,399,57,114,40,952,534
2799,1085,240,314,132,1532,823
2800,11989,2107,3173,1224,16901,9613
2803,50,20,30,3,138,39
2804,572,209,210,88,1060,536
2805,88,27,36,15,152,82
2806,145,55,64,30,364,120
2807,81,27,47,23,174,69
2808,47,16,22,11,77,12
2809,51,14,9,17,112,44
2810,632,239,250,107,1399,529
2817,64,11,12,12,150,49
2818,188,38,56,28,353,202
2820,2354,472,511,239,2452,1282
2821,1176,319,303,148,1803,1073
2822,101,21,37,19,179,60
2823,370,100,85,57,533,282
2824,590,144,125,72,814,448
2825,663,169,119,73,871,487
2826,38,6,7,0,103,45
2827,970,249,226,107,1455,685
2828,239,53,49,19,299,180
2829,995,197,169,94,1016,634
2830,11208,1888,2716,1174,14782,8518
2831,476,59,114,53,789,431
2832,962,108,153,68,653,617
2833,219,24,43,28,193,148
2834,809,145,308,106,623,349
2835,1144,196,279,135,1504,922
2836,395,35,52,22,200,192
2838,125,3,5,5,45,59
2839,628,60,57,29,251,307
2840,946,125,129,67,796,628
2842,130,24,73,27,242,126
2843,272,62,100,42,552,251
2844,330,97,108,27,603,273
2845,514,88,116,69,761,436
2846,53,17,37,8,108,51
2847,650,140,236,69,915,416
2848,480,149,180,73,504,256
2849,351,96,156,57,623,251
2850,4326,890,1296,547,6925,3667
2852,881,177,258,129,1331,765
2864,158,43,29,22,391,170
2865,185,40,56,27,387,164
2866,642,169,171,74,1325,713
2867,98,30,37,15,280,140
2868,145,57,55,16,257,130
2869,390,95,127,50,544,231
2870,3181,733,811,320,4493,2502
2871,2376,574,602,296,3602,1899
2873,99,40,50,14,255,100
2874,69,39,27,13,211,67
2875,212,54,66,33,412,191
2876,91,16,27,13,183,94
2877,1108,234,247,93,1325,876
2878,123,12,13,18,145,58
2879,227,24,64,27,184,111
2880,5348,1257,1635,637,6342,3058
2898,112,25,24,5,163,51
7000,5677,441,1192,340,4333,1862
7001,0,0,0,0,0,0
7004,2741,438,657,162,2448,1028
7005,4689,619,795,210,5326,1659
7007,870,102,220,61,1275,536
7008,3921,607,987,326,4177,1955
7009,4241,592,1194,404,3792,2223
7010,5265,1245,1733,589,5068,2943
7011,4515,873,1298,477,4720,2802
7012,246,17,65,24,312,163
7015,2427,909,932,270,4254,1544
7016,1156,116,237,97,706,562
7017,1349,201,427,130,2449,1057
7018,5524,1251,1854,546,8341,3505
7019,2118,211,511,243,1558,1477
7020,560,46,167,60,1128,517
7021,542,113,190,47,1024,496
7022,212,37,89,20,390,134
7023,68,26,43,17,151,35
7024,129,8,43,16,218,105
7025,370,67,134,37,815,281
7026,248,24,83,22,384,179
7027,77,21,29,6,121,37
7030,5515,634,1267,524,5409,4048
7050,3166,623,1018,327,4853,2416
7052,1715,315,539,174,3040,1355
7053,803,199,276,76,1534,686
7054,1913,264,573,185,3752,2051
7055,98,12,42,14,167,105
7109,2272,350,739,221,3559,1671
7112,788,129,327,108,1162,552
7113,278,80,82,28,448,173
7116,560,95,225,73,903,402
7117,243,60,92,19,331,103
7119,8,0,0,0,14,11
7120,437,110,175,60,735,309
7139,0,0,0,0,0,0
7140,3092,576,881,373,4010,2042
7150,712,92,292,83,1196,455
7155,152,34,104,19,373,123
7162,133,19,50,10,292,89
7163,64,12,33,14,152,48
7170,1064,114,334,90,2403,1002
7171,912,119,310,109,1203,621
7172,896,249,299,115,1451,651
7173,1804,231,730,235,2349,1245
7174,53,8,20,0,62,35
7175,55,8,18,0,76,36
7176,46,6,15,0,62,32
7177,103,24,37,17,168,65
7178,73,22,24,16,131,50
7179,87,12,50,13,172,41
7180,42,3,14,11,68,19
7182,59,14,18,12,129,25
7183,14,4,10,0,16,4
7184,202,67,78,39,281,128
7185,32,7,10,3,39,10
7186,33,15,14,5,71,23
7187,32,6,11,0,71,13
7190,607,250,320,114,1440,379
7209,79,30,44,11,189,59
7210,288,85,93,31,397,155
7211,69,5,22,4,93,44
7212,475,89,170,69,809,320
7213,96,13,22,12,103,50
7214,143,34,84,32,227,98
7215,801,182,354,106,1459,473
7216,713,259,429,99,1407,450
7248,6013,792,1298,503,4482,2691
7249,3861,947,1141,336,4288,2196
7250,13226,2546,3953,1267,18369,8690
7252,568,88,190,58,1422,459
7253,1314,325,416,186,1757,933
7254,107,16,38,11,223,87
7255,208,52,89,27,340,127
7256,418,101,118,51,647,247
7257,34,5,13,9,8,7
7258,202,19,46,14,501,184
7259,126,13,42,12,195,71
7260,769,218,226,72,1357,566
7261,60,7,34,12,99,55
7262,375,99,162,59,736,276
7263,134,27,41,21,248,124
7264,166,32,92,26,240,94
7265,47,16,22,12,103,32
7267,188,24,48,30,340,146
7268,246,45,69,28,459,192
7270,872,239,470,158,1764,581
7275,648,143,274,78,1464,522
7276,144,30,69,13,219,89
7277,1114,320,344,117,2746,1067
7290,540,90,182,72,928,466
7291,139,31,38,14,241,94
7292,128,12,37,9,296,111
7300,794,137,289,90,1500,620
7301,1076,290,343,108,1779,701
7302,387,63,108,38,736,342
7303,645,138,231,90,1158,453
7304,1419,386,496,177,2445,1019
7305,289,58,100,33,490,204
7306,935,180,324,93,1785,630
7307,2225,612,840,300,4461,1678
7310,7117,1613,2488,857,10118,4905
7315,3457,997,1157,459,6133,2457
7316,1305,292,501,155,2595,1050
7320,4787,993,1460,538,5505,2963
7321,1165,140,403,127,2004,821
7322,984,257,342,116,1519,689
7325,2054,521,673,278,3576,1479
7330,1686,350,445,211,2496,1407
7331,147,32,39,15,242,76
7466,5,0,4,0,5,0
7467,568,116,137,77,569,327
7468,218,30,51,30,258,122
7469,231,27,59,36,259,149
7470,209,26,68,22,237,142