POSTCODES,Major Cities of Australia ,Inner Regional Australia ,Outer Regional Australia ,Remote Australia ,Very Remote Australia ,Migratory - Offshore - Shipping ,Total
4000,8674,0,0,0,0,0,8674
4005,9924,0,0,0,0,0,9924
4006,8815,0,0,0,0,0,8815
4007,6881,0,0,0,0,0,6881
4008,133,0,0,0,0,0,133
4009,0,0,0,0,0,0,0
4010,1302,0,0,0,0,0,1302
4011,7058,0,0,0,0,0,7058
4012,10239,0,0,0,0,0,10239
4013,2109,0,0,0,0,0,2109
4014,4582,0,0,0,0,0,4582
4017,14782,0,0,0,0,0,14782
4018,5237,0,0,0,0,0,5237
4019,9665,0,0,0,0,0,9665
4020,10904,0,0,0,0,0,10904
4021,3979,0,0,0,0,0,3979
4022,2710,0,0,0,0,0,2710
4025,0,0,0,360,0,0,360
4029,4,0,0,0,0,0,4
4030,7721,0,0,0,0,0,7721
4031,6087,0,0,0,0,0,6087
4032,7344,0,0,0,0,0,7344
4034,18446,0,0,0,0,0,18446
4035,8749,0,0,0,0,0,8749
4036,2466,0,0,0,0,0,2466
4037,2535,0,0,0,0,0,2535
4051,11649,0,0,0,0,0,11649
4053,18325,0,0,0,0,0,18325
4054,5520,0,0,0,0,0,5520
4055,7162,0,0,0,0,0,7162
4059,5909,0,0,0,0,0,5909
4060,5090,0,0,0,0,0,5090
4061,6056,0,0,0,0,0,6056
4064,5069,0,0,0,0,0,5069
4065,3663,0,0,0,0,0,3663
4066,7813,0,0,0,0,0,7813
4067,4281,0,0,0,0,0,4281
4068,10459,0,0,0,0,0,10459
4069,11914,84,0,0,0,0,11999
4070,4024,0,0,0,0,0,4024
4072,22,0,0,0,0,0,22
4073,3162,0,0,0,0,0,3162
4074,8852,0,0,0,0,0,8852
4075,9227,0,0,0,0,0,9227
4076,1961,0,0,0,0,0,1961
4077,11111,0,0,0,0,0,11111
4078,9205,0,0,0,0,0,9205
4101,11197,0,0,0,0,0,11197
4102,3664,0,0,0,0,0,3664
4103,6470,0,0,0,0,0,6470
4104,3005,0,0,0,0,0,3005
4105,6003,0,0,0,0,0,6003
4106,674,0,0,0,0,0,674
4107,2440,0,0,0,0,0,2440
4108,2362,0,0,0,0,0,2362
4109,13096,0,0,0,0,0,13096
4110,4047,0,0,0,0,0,4047
4111,353,0,0,0,0,0,353
4112,2572,0,0,0,0,0,2572
4113,10643,0,0,0,0,0,10643
4114,10950,0,0,0,0,0,10950
4115,6538,0,0,0,0,0,6538
4116,8529,0,0,0,0,0,8529
4117,451,0,0,0,0,0,451
4118,10450,0,0,0,0,0,10450
4119,2252,0,0,0,0,0,2252
4120,4322,0,0,0,0,0,4322
4121,9777,0,0,0,0,0,9777
4122,16939,0,0,0,0,0,16939
4123,7028,0,0,0,0,0,7028
4124,6428,40,0,0,0,0,6463
4125,2643,7,0,0,0,0,2646
4127,10049,0,0,0,0,0,10049
4128,5973,0,0,0,0,0,5973
4129,2214,0,0,0,0,0,2214
4130,2996,0,0,0,0,0,2996
4131,3705,0,0,0,0,0,3705
4132,8406,0,0,0,0,0,8406
4133,6599,140,0,0,0,0,6737
4151,7584,0,0,0,0,0,7584
4152,17705,0,0,0,0,0,17705
4153,1607,0,0,0,0,0,1607
4154,3609,0,0,0,0,0,3609
4155,473,0,0,0,0,0,473
4156,1009,0,0,0,0,0,1009
4157,7385,0,0,0,0,0,7385
4158,1710,0,0,0,0,0,1710
4159,5374,0,0,0,0,0,5374
4160,7008,0,0,0,0,0,7008
4161,6114,0,0,0,0,0,6114
4163,6824,0,0,0,0,0,6824
4164,5193,0,0,0,0,0,5193
4165,13654,97,0,0,0,0,13751
4169,7455,0,0,0,0,0,7455
4170,10709,0,0,0,0,0,10709
4171,6779,0,0,0,0,0,6779
4172,1705,0,0,0,0,0,1705
4173,3352,0,0,0,0,0,3352
4174,926,0,0,0,0,0,926
4178,10532,0,0,0,0,0,10532
4179,7793,0,0,0,0,0,7793
4183,0,0,0,1856,0,0,1856
4184,0,2327,2277,0,0,0,4600
4205,2314,0,0,0,0,0,2314
4207,21119,581,0,0,0,0,21697
4208,6768,0,0,0,0,0,6768
4209,16613,0,0,0,0,0,16613
4210,6909,0,0,0,0,0,6909
4211,22417,931,0,0,0,0,23345
4212,11732,0,0,0,0,0,11732
4213,9717,488,0,0,0,0,10206
4214,13913,0,0,0,0,0,13913
4215,24996,0,0,0,0,0,24996
4216,18531,112,0,0,0,0,18646
4217,23627,0,0,0,0,0,23627
4218,16710,0,0,0,0,0,16710
4220,14791,0,0,0,0,0,14791
4221,12216,0,0,0,0,0,12216
4222,0,0,0,0,0,0,0
4223,5720,184,0,0,0,0,5907
4224,3154,0,0,0,0,0,3154
4225,5162,0,0,0,0,0,5162
4226,12667,0,0,0,0,0,12667
4227,8513,0,0,0,0,0,8513
4228,1591,117,0,0,0,0,1706
4229,9,0,0,0,0,0,9
4230,835,0,0,0,0,0,835
4270,32,1356,0,0,0,0,1389
4271,1315,25,0,0,0,0,1346
4272,2051,28,0,0,0,0,2080
4275,0,1307,0,0,0,0,1307
4280,2787,2676,0,0,0,0,5463
4285,0,7813,0,0,0,0,7813
4287,0,372,0,0,0,0,372
4300,19471,0,0,0,0,0,19471
4301,9521,0,0,0,0,0,9521
4303,1481,0,0,0,0,0,1481
4304,7470,0,0,0,0,0,7470
4305,25500,47,0,0,0,0,25541
4306,8087,3773,1255,0,0,0,13109
4307,0,594,0,0,0,0,594
4309,0,1321,0,0,0,0,1321
4310,0,2565,0,0,0,0,2565
4311,0,4221,0,0,0,0,4221
4312,0,1419,0,0,0,0,1419
4313,0,1111,0,0,0,0,1111
4340,0,2190,0,0,0,0,2190
4341,0,5709,0,0,0,0,5709
4342,0,1096,0,0,0,0,1096
4343,0,4352,0,0,0,0,4352
4344,0,1067,0,0,0,0,1067
4345,0,26,0,0,0,0,26
4346,0,381,0,0,0,0,381
4347,0,495,0,0,0,0,495
4350,0,47136,0,0,0,0,47136
4352,0,9752,552,0,0,0,10306
4353,0,131,0,0,0,0,131
4354,0,498,0,0,0,0,498
4355,0,1224,0,0,0,0,1224
4356,0,2017,0,0,0,0,2017
4357,0,638,515,0,0,0,1153
4358,0,868,0,0,0,0,868
4359,0,505,0,0,0,0,505
4360,0,261,0,0,0,0,261
4361,0,1200,0,0,0,0,1200
4362,0,1106,0,0,0,0,1106
4363,0,235,0,0,0,0,235
4364,0,81,0,0,0,0,81
4365,0,271,0,0,0,0,271
4370,0,8238,140,0,0,0,8376
4371,0,344,0,0,0,0,344
4372,0,63,0,0,0,0,63
4373,0,0,467,0,0,0,467
4374,0,173,10,0,0,0,186
4376,0,0,166,0,0,0,166
4378,0,0,220,0,0,0,220
4381,0,0,301,0,0,0,301
4382,0,0,288,0,0,0,288
4384,0,0,28,0,0,0,28
4387,0,0,660,0,0,0,660
4388,0,0,198,0,0,0,198
4390,0,0,3036,0,0,0,3036
4400,0,734,0,0,0,0,734
4401,0,2322,0,0,0,0,2322
4402,0,27,157,0,0,0,184
4403,0,358,0,0,0,0,358
4404,0,220,0,0,0,0,220
4405,0,5659,562,0,0,0,6218
4406,0,76,417,205,0,0,699
4407,0,46,225,0,0,0,265
4408,0,0,293,0,0,0,293
4410,0,0,571,0,0,0,571
4411,0,0,143,0,0,0,143
4412,0,0,92,0,0,0,92
4413,0,0,3743,0,0,0,3743
4415,0,0,1215,4,0,0,1221
4416,0,0,269,0,0,0,269
4417,0,0,0,390,0,0,390
4418,0,0,0,52,0,0,52
4419,0,0,0,446,0,0,446
4420,0,0,0,625,0,0,625
4421,0,0,1280,0,0,0,1280
4422,0,0,0,287,0,0,287
4423,0,0,0,103,0,0,103
4424,0,0,118,0,0,0,118
4425,0,0,125,0,0,0,125
4426,0,0,0,87,0,0,87
4427,0,0,0,194,0,0,194
4428,0,0,0,348,0,0,348
4454,0,0,0,435,0,0,441
4455,0,0,3627,486,0,0,4110
4461,0,0,0,37,0,0,37
4462,0,0,0,65,0,0,65
4465,0,0,0,35,718,0,752
4467,0,0,0,0,125,0,125
4468,0,0,0,0,163,0,163
4470,0,0,0,0,1862,0,1862
4472,0,0,0,0,772,0,772
4474,0,0,0,0,37,0,37
4475,0,0,0,0,0,0,0
4477,0,0,0,0,271,0,271
4478,0,0,0,0,242,0,242
4479,0,0,0,0,12,0,12
4480,0,0,0,0,404,0,404
4481,0,0,0,0,109,0,109
4482,0,0,0,0,144,0,144
4486,0,0,0,0,417,0,417
4487,0,0,0,1487,0,0,1487
4488,0,0,0,4,154,0,167
4489,0,0,0,0,61,0,61
4490,0,0,0,0,797,0,797
4491,0,0,0,0,60,0,60
4492,0,0,0,0,161,0,161
4493,0,0,0,0,20,0,20
4494,0,0,0,95,0,0,95
4496,0,0,0,125,0,0,125
4497,0,0,0,182,0,0,182
4498,0,0,115,11,0,0,126
4500,15389,0,0,0,0,0,15389
4501,2392,0,0,0,0,0,2392
4502,3343,0,0,0,0,0,3343
4503,17100,0,0,0,0,0,17100
4504,6015,0,0,0,0,0,6015
4505,7708,0,0,0,0,0,7708
4506,7865,0,0,0,0,0,7865
4507,0,10034,0,0,0,0,10034
4508,7659,0,0,0,0,0,7659
4509,10698,0,0,0,0,0,10698
4510,18351,1103,0,0,0,0,19457
4511,3870,0,0,0,0,0,3870
4512,1095,99,0,0,0,0,1201
4514,0,2540,0,0,0,0,2540
4515,0,1637,126,0,0,0,1764
4516,1277,0,0,0,0,0,1277
4517,0,311,0,0,0,0,311
4518,0,1907,0,0,0,0,1907
4519,0,3290,0,0,0,0,3290
4520,2091,2407,0,0,0,0,4491
4521,0,1840,0,0,0,0,1840
4550,0,1754,0,0,0,0,1754
4551,26665,0,0,0,0,0,26665
4552,0,4146,0,0,0,0,4146
4553,76,2033,0,0,0,0,2113
4554,0,693,0,0,0,0,693
4555,1751,848,0,0,0,0,2599
4556,17499,0,0,0,0,0,17499
4557,8703,0,0,0,0,0,8703
4558,10564,0,0,0,0,0,10564
4559,2173,270,0,0,0,0,2444
4560,10333,3116,0,0,0,0,13449
4561,275,2487,0,0,0,0,2764
4562,1443,1673,0,0,0,0,3119
4563,285,3346,0,0,0,0,3634
4564,5125,0,0,0,0,0,5125
4565,5151,1753,0,0,0,0,6903
4566,4719,0,0,0,0,0,4719
4567,6820,0,0,0,0,0,6820
4568,0,1506,0,0,0,0,1506
4569,0,694,0,0,0,0,694
4570,0,18764,7,0,0,0,18772
4571,0,399,0,0,0,0,399
4572,2321,0,0,0,0,0,2321
4573,12214,30,0,0,0,0,12242
4574,0,666,0,0,0,0,666
4575,10553,0,0,0,0,0,10553
4580,0,2889,0,0,0,0,2889
4581,0,1238,0,234,0,0,1473
4600,0,16,505,0,0,0,522
4601,0,0,596,0,0,0,596
4605,0,1293,684,0,0,0,1982
4606,0,0,1137,0,0,0,1137
4608,0,0,438,0,0,0,438
4610,0,5881,831,0,0,0,6707
4611,0,0,55,0,0,0,55
4612,0,0,133,0,0,0,133
4613,0,0,482,0,0,0,482
4614,0,611,7,0,0,0,619
4615,0,2936,495,0,0,0,3434
4620,0,122,81,0,0,0,198
4621,0,0,975,0,0,0,975
4625,0,0,1394,0,0,0,1394
4626,0,0,1149,0,0,0,1149
4627,0,0,475,36,0,0,516
4630,0,0,1305,60,0,0,1368
4650,0,15528,29,0,0,0,15556
4655,0,28352,0,5,0,0,28362
4659,0,2692,0,0,0,0,2692
4660,0,4096,0,0,0,0,4096
4662,0,332,0,0,0,0,332
4670,0,36576,280,0,0,0,36854
4671,0,819,2226,0,0,0,3046
4673,0,280,77,0,0,0,355
4674,0,0,896,0,0,0,896
4676,0,0,101,0,0,0,101
4677,0,0,2440,0,0,0,2440
4678,0,0,566,0,0,0,566
4680,0,23899,360,160,0,0,24420
4694,0,0,83,0,0,0,83
4695,0,0,497,0,0,0,497
4697,0,0,63,0,0,0,63
4699,0,0,199,0,0,0,199
4700,0,8168,0,41,0,0,8212
4701,0,18303,75,0,0,0,18379
4702,0,7965,2585,2457,0,0,13007
4703,0,10416,276,0,0,0,10693
4704,0,29,40,0,0,0,67
4705,0,0,0,211,0,0,211
4706,0,0,0,63,0,0,63
4707,0,0,0,220,0,0,220
4709,0,0,0,517,0,0,517
4710,0,2458,0,0,0,0,2458
4711,0,619,0,0,0,0,619
4712,0,0,196,0,0,0,196
4713,0,0,0,288,0,0,288
4714,0,1401,187,0,0,0,1585
4715,0,0,3118,0,0,0,3118
4716,0,0,410,0,0,0,410
4717,0,0,2510,0,0,0,2510
4718,0,0,1130,137,0,0,1267
4719,0,0,397,225,0,0,616
4720,0,0,6287,14,0,0,6301
4721,0,0,0,1816,39,0,1858
4722,0,0,0,642,105,0,750
4723,0,0,0,704,0,0,704
4724,0,0,0,0,273,0,273
4725,0,0,0,0,864,0,864
4726,0,0,0,0,272,0,272
4727,0,0,0,0,219,0,219
4728,0,0,0,0,139,0,139
4730,0,0,0,0,2006,0,2006
4731,0,0,0,0,188,0,188
4732,0,0,0,0,95,0,95
4733,0,0,0,0,140,0,140
4735,0,0,0,0,734,0,734
4736,0,0,0,0,94,0,94
4737,0,0,3658,0,0,0,3658
4738,0,0,631,0,0,0,631
4739,0,0,230,0,0,0,230
4740,0,32523,2981,0,9,0,35509
4741,0,200,2893,183,10,0,3290
4742,0,0,442,187,0,0,627
4743,0,0,0,593,0,0,593
4744,0,0,4141,0,0,0,4141
4745,0,0,1340,231,0,0,1572
4746,0,0,0,971,0,0,971
4750,0,2364,0,0,0,0,2364
4751,0,0,1759,0,0,0,1759
4753,0,0,1513,0,0,0,1513
4754,0,0,906,0,0,0,906
4756,0,0,326,0,0,0,326
4757,0,0,216,0,0,0,216
4798,0,0,349,0,0,0,349
4799,0,0,580,0,0,0,580
4800,0,0,4532,0,0,0,4532
4801,0,0,0,0,3,0,3
4802,0,0,4948,0,35,0,4985
4803,0,0,0,292,0,0,292
4804,0,0,0,1094,0,0,1094
4805,0,0,5454,57,0,0,5509
4806,0,0,1886,0,0,0,1886
4807,0,0,5185,124,0,0,5309
4808,0,0,518,0,0,0,518
4809,0,0,649,0,5,0,652
4810,0,0,12177,0,0,0,12177
4811,0,0,5402,0,0,0,5402
4812,0,0,9535,0,0,0,9535
4814,0,0,17615,0,0,0,17615
4815,0,0,8262,0,0,0,8262
4816,0,0,2900,1235,316,0,4449
4817,0,0,11468,100,0,0,11567
4818,0,0,10983,0,0,0,10983
4819,0,0,1838,0,0,0,1838
4820,0,0,4593,347,198,0,5144
4821,0,0,0,0,799,0,799
4822,0,0,0,0,485,0,485
4823,0,0,0,0,563,0,563
4824,0,0,0,1299,323,0,1621
4828,0,0,0,0,260,0,260
4829,0,0,0,0,296,0,296
4830,0,0,0,0,522,0,522
4849,0,0,903,73,0,0,980
4850,0,0,4019,1747,0,0,5763
4852,0,0,2478,5,0,0,2479
4854,0,0,1828,669,0,0,2499
4855,0,0,374,0,0,0,374
4856,0,0,335,0,0,0,335
4858,0,0,691,0,0,0,691
4859,0,0,223,0,0,0,223
4860,0,0,5020,0,0,0,5020
4861,0,0,810,0,0,0,810
4865,0,0,3097,0,0,0,3097
4868,0,0,9208,0,0,0,9208
4869,0,0,6947,0,0,0,6947
4870,0,0,32156,0,0,0,32156
4871,0,0,3942,171,1238,0,5350
4872,0,0,1588,547,9,0,2141
4873,0,0,2885,485,0,0,3366
4874,0,0,0,0,2181,0,2181
4875,0,0,0,0,2352,0,2352
4876,0,0,0,0,1073,0,1073
4877,0,0,3141,0,0,0,3141
4878,0,0,6404,0,0,0,6404
4879,0,0,9191,0,0,0,9191
4880,0,0,5520,0,0,0,5520
4881,0,0,2147,0,0,0,2147
4882,0,0,1204,0,0,0,1204
4883,0,0,4051,0,0,0,4051
4884,0,0,1035,0,0,0,1035
4885,0,0,1810,0,0,0,1810
4886,0,0,443,0,0,0,443
4887,0,0,1010,0,0,0,1010
4888,0,0,1269,270,0,0,1538
4890,0,0,0,0,614,0,614
4891,0,0,0,0,665,0,665
4892,0,0,0,0,2124,0,2124
4895,0,0,0,2282,4,0,2286
800,0,0,3650,0,0,0,3650
810,0,0,13269,0,0,0,13269
812,0,0,7233,0,0,0,7233
815,0,0,0,0,0,0,0
820,0,0,9377,0,0,0,9377
822,0,0,1811,2549,3542,0,7907
828,0,0,509,0,0,0,509
829,0,0,331,0,0,0,331
830,0,0,7232,0,0,0,7232
832,0,0,5877,0,0,0,5877
834,0,0,816,0,0,0,816
835,0,0,1349,0,0,0,1349
836,0,0,2811,0,0,0,2811
837,0,0,216,0,0,0,216
838,0,0,351,0,0,0,351
839,0,0,333,0,0,0,333
840,0,0,0,334,0,0,334
841,0,0,296,0,0,0,296
845,0,0,0,298,0,0,298
846,0,0,0,202,0,0,202
847,0,0,0,227,0,0,227
850,0,0,0,3605,0,0,3605
852,0,0,0,283,2918,0,3198
853,0,0,0,190,0,0,190
854,0,0,0,0,301,0,301
860,0,0,0,0,1454,0,1454
862,0,0,0,0,500,0,500
870,0,0,0,8646,0,0,8646
873,0,0,0,1344,0,0,1344
874,0,0,0,312,0,0,312
875,0,0,0,979,0,0,979
880,0,0,0,0,1840,0,1840
885,0,0,0,0,386,0,386
886,0,0,0,636,0,0,636
3000,22911,0,0,0,0,0,22911
3002,2960,0,0,0,0,0,2960
3003,2669,0,0,0,0,0,2669
3004,5829,0,0,0,0,0,5829
3005,285,0,0,0,0,0,285
3006,11618,0,0,0,0,0,11618
3008,6226,0,0,0,0,0,6226
3010,20,0,0,0,0,0,20
3011,10132,0,0,0,0,0,10132
3012,11437,0,0,0,0,0,11437
3013,6401,0,0,0,0,0,6401
3015,7381,0,0,0,0,0,7381
3016,6670,0,0,0,0,0,6670
3018,5967,0,0,0,0,0,5967
3019,3466,0,0,0,0,0,3466
3020,16791,0,0,0,0,0,16791
3021,19759,0,0,0,0,0,19759
3022,1260,0,0,0,0,0,1260
3023,20605,0,0,0,0,0,20605
3024,8185,85,0,0,0,0,8269
3025,4902,0,0,0,0,0,4902
3026,62,0,0,0,0,0,62
3027,2256,0,0,0,0,0,2256
3028,11388,0,0,0,0,0,11388
3029,30708,0,0,0,0,0,30708
3030,35183,1058,0,0,0,0,36245
3031,8947,0,0,0,0,0,8947
3032,13094,0,0,0,0,0,13094
3033,5673,0,0,0,0,0,5673
3034,4623,0,0,0,0,0,4623
3036,2318,0,0,0,0,0,2318
3037,16434,0,0,0,0,0,16434
3038,9479,0,0,0,0,0,9479
3039,6368,0,0,0,0,0,6368
3040,11199,0,0,0,0,0,11199
3041,4967,0,0,0,0,0,4967
3042,6896,0,0,0,0,0,6896
3043,7409,0,0,0,0,0,7409
3044,11421,0,0,0,0,0,11421
3045,9,0,0,0,0,0,9
3046,13968,0,0,0,0,0,13968
3047,7317,0,0,0,0,0,7317
3048,5772,0,0,0,0,0,5772
3049,3546,0,0,0,0,0,3546
3050,3,0,0,0,0,0,3
3051,7539,0,0,0,0,0,7539
3052,2450,0,0,0,0,0,2450
3053,10217,0,0,0,0,0,10217
3054,4090,0,0,0,0,0,4090
3055,6964,0,0,0,0,0,6964
3056,11772,0,0,0,0,0,11772
3057,5994,0,0,0,0,0,5994
3058,14067,0,0,0,0,0,14067
3059,4867,0,0,0,0,0,4867
3060,5135,0,0,0,0,0,5135
3061,1798,0,0,0,0,0,1798
3062,0,0,0,0,0,0,0
3063,195,0,0,0,0,0,195
3064,23125,0,0,0,0,0,23125
3065,5226,0,0,0,0,0,5226
3066,4665,0,0,0,0,0,4665
3067,4403,0,0,0,0,0,4403
3068,8972,0,0,0,0,0,8972
3070,10975,0,0,0,0,0,10975
3071,8665,0,0,0,0,0,8665
3072,14251,0,0,0,0,0,14251
3073,21846,0,0,0,0,0,21846
3074,7884,0,0,0,0,0,7884
3075,8338,0,0,0,0,0,8338
3076,11275,0,0,0,0,0,11275
3078,5109,0,0,0,0,0,5109
3079,6786,0,0,0,0,0,6786
3081,5987,0,0,0,0,0,5987
3082,10578,0,0,0,0,0,10578
3083,12197,0,0,0,0,0,12197
3084,10575,0,0,0,0,0,10575
3085,5552,0,0,0,0,0,5552
3086,34,0,0,0,0,0,34
3087,3724,0,0,0,0,0,3724
3088,10557,0,0,0,0,0,10557
3089,4136,0,0,0,0,0,4136
3090,749,0,0,0,0,0,749
3091,529,0,0,0,0,0,529
3093,1555,0,0,0,0,0,1555
3094,3723,0,0,0,0,0,3723
3095,10036,0,0,0,0,0,10036
3096,639,0,0,0,0,0,639
3097,364,125,0,0,0,0,488
3099,1417,391,0,0,0,0,1807
3101,10328,0,0,0,0,0,10328
3102,2611,0,0,0,0,0,2611
3103,6445,0,0,0,0,0,6445
3104,7598,0,0,0,0,0,7598
3105,4441,0,0,0,0,0,4441
3106,6108,0,0,0,0,0,6108
3107,5353,0,0,0,0,0,5353
3108,9254,0,0,0,0,0,9254
3109,11029,0,0,0,0,0,11029
3111,4615,0,0,0,0,0,4615
3113,2947,0,0,0,0,0,2947
3114,1221,0,0,0,0,0,1221
3115,1212,64,0,0,0,0,1274
3116,3753,0,0,0,0,0,3753
3121,15879,0,0,0,0,0,15879
3122,11578,0,0,0,0,0,11578
3123,6666,0,0,0,0,0,6666
3124,8703,0,0,0,0,0,8703
3125,6048,0,0,0,0,0,6048
3126,3100,0,0,0,0,0,3100
3127,7324,0,0,0,0,0,7324
3128,8726,0,0,0,0,0,8726
3129,7126,0,0,0,0,0,7126
3130,12877,0,0,0,0,0,12877
3131,9172,0,0,0,0,0,9172
3132,6808,0,0,0,0,0,6808
3133,8281,0,0,0,0,0,8281
3134,12931,0,0,0,0,0,12931
3135,8061,0,0,0,0,0,8061
3136,18252,0,0,0,0,0,18252
3137,5585,0,0,0,0,0,5585
3138,8250,0,0,0,0,0,8250
3139,2307,2881,0,0,0,0,5190
3140,6631,0,0,0,0,0,6631
3141,15808,0,0,0,0,0,15808
3142,7087,0,0,0,0,0,7087
3143,4653,0,0,0,0,0,4653
3144,4942,0,0,0,0,0,4942
3145,9543,0,0,0,0,0,9543
3146,10495,0,0,0,0,0,10495
3147,5801,0,0,0,0,0,5801
3148,3625,0,0,0,0,0,3625
3149,13331,0,0,0,0,0,13331
3150,22699,0,0,0,0,0,22699
3151,4062,0,0,0,0,0,4062
3152,12380,0,0,0,0,0,12380
3153,8607,0,0,0,0,0,8607
3154,1683,0,0,0,0,0,1683
3155,9608,0,0,0,0,0,9608
3156,14374,0,0,0,0,0,14374
3158,2565,0,0,0,0,0,2565
3159,954,0,0,0,0,0,954
3160,3461,0,0,0,0,0,3461
3161,6712,0,0,0,0,0,6712
3162,7280,0,0,0,0,0,7280
3163,14806,0,0,0,0,0,14806
3165,10916,0,0,0,0,0,10916
3166,9643,0,0,0,0,0,9643
3167,3638,0,0,0,0,0,3638
3168,8086,0,0,0,0,0,8086
3169,7582,0,0,0,0,0,7582
3170,7196,0,0,0,0,0,7196
3171,7490,0,0,0,0,0,7490
3172,8098,0,0,0,0,0,8098
3173,8459,0,0,0,0,0,8459
3174,14819,0,0,0,0,0,14819
3175,19893,0,0,0,0,0,19893
3177,4345,0,0,0,0,0,4345
3178,11699,0,0,0,0,0,11699
3179,2161,0,0,0,0,0,2161
3180,2914,0,0,0,0,0,2914
3181,11562,0,0,0,0,0,11562
3182,14802,0,0,0,0,0,14802
3183,9561,0,0,0,0,0,9561
3184,8826,0,0,0,0,0,8826
3185,5975,0,0,0,0,0,5975
3186,10381,0,0,0,0,0,10381
3187,6558,0,0,0,0,0,6558
3188,7681,0,0,0,0,0,7681
3189,2573,0,0,0,0,0,2573
3190,4669,0,0,0,0,0,4669
3191,4391,0,0,0,0,0,4391
3192,9661,0,0,0,0,0,9661
3193,8027,0,0,0,0,0,8027
3194,6105,0,0,0,0,0,6105
3195,14369,0,0,0,0,0,14369
3196,11508,0,0,0,0,0,11508
3197,5261,0,0,0,0,0,5261
3198,7981,0,0,0,0,0,7981
3199,24484,0,0,0,0,0,24484
3200,2552,0,0,0,0,0,2552
3201,8237,0,0,0,0,0,8237
3202,1032,0,0,0,0,0,1032
3204,12321,0,0,0,0,0,12321
3205,6249,0,0,0,0,0,6249
3206,5144,0,0,0,0,0,5144
3207,8824,0,0,0,0,0,8824
3211,0,498,0,0,0,0,498
3212,5561,402,0,0,0,0,5971
3213,796,638,0,0,0,0,1433
3214,10546,0,0,0,0,0,10546
3215,9251,0,0,0,0,0,9251
3216,23185,163,0,0,0,0,23345
3217,2190,211,0,0,0,0,2399
3218,6524,79,0,0,0,0,6597
3219,9557,0,0,0,0,0,9557
3220,7843,0,0,0,0,0,7843
3221,0,264,0,0,0,0,264
3222,0,6479,0,0,0,0,6479
3223,0,6405,0,0,0,0,6405
3224,5505,333,0,0,0,0,5839
3225,0,3559,0,0,0,0,3559
3226,0,7391,0,0,0,0,7391
3227,33,2644,0,0,0,0,2676
3228,0,8911,0,0,0,0,8911
3230,0,2929,0,0,0,0,2929
3231,0,1776,0,0,0,0,1776
3232,0,1881,0,0,0,0,1881
3233,0,2301,15,0,0,0,2314
3234,0,489,0,0,0,0,489
3235,0,250,0,0,0,0,250
3236,0,153,0,0,0,0,153
3237,0,0,194,0,0,0,194
3238,0,0,190,0,0,0,190
3239,0,138,130,0,0,0,268
3240,0,754,0,0,0,0,754
3241,0,1172,0,0,0,0,1172
3242,0,420,0,0,0,0,420
3243,0,195,0,0,0,0,195
3249,0,1443,0,0,0,0,1443
3250,0,5610,0,0,0,0,5610
3251,0,244,0,0,0,0,244
3254,0,131,0,0,0,0,131
3260,0,2282,0,0,0,0,2282
3264,0,1090,0,0,0,0,1090
3265,0,1092,0,0,0,0,1092
3266,0,1234,134,0,0,0,1368
3267,0,0,108,0,0,0,108
3268,0,169,1037,0,0,0,1201
3269,0,0,456,0,0,0,456
3270,0,0,336,0,0,0,336
3271,0,0,98,0,0,0,98
3272,0,708,91,0,0,0,798
3273,0,0,65,0,0,0,65
3274,0,0,112,0,0,0,112
3275,0,163,0,0,0,0,163
3276,0,205,0,0,0,0,205
3277,0,746,0,0,0,0,746
3278,0,116,0,0,0,0,116
3279,0,102,0,0,0,0,102
3280,0,14420,0,0,0,0,14420
3281,0,623,0,0,0,0,623
3282,0,973,0,0,0,0,973
3283,0,549,0,0,0,0,549
3284,0,2202,41,0,0,0,2249
3285,0,95,474,0,0,0,565
3286,0,0,302,0,0,0,302
3287,0,0,177,0,0,0,177
3289,0,19,385,0,0,0,400
3292,0,0,263,0,0,0,263
3293,0,0,164,0,0,0,164
3294,0,0,480,0,0,0,480
3300,0,4942,53,0,0,0,4990
3301,0,166,405,0,0,0,571
3302,0,0,193,0,0,0,193
3303,0,0,162,0,0,0,162
3304,0,0,1372,0,0,0,1372
3305,0,0,6316,0,0,0,6316
3309,0,0,61,0,0,0,61
3310,0,0,141,0,0,0,141
3311,0,0,938,0,0,0,938
3312,0,0,538,0,0,0,538
3314,0,0,256,0,0,0,256
3315,0,0,871,0,0,0,871
3317,0,0,109,0,0,0,109
3318,0,0,731,0,0,0,731
3319,0,0,219,0,0,0,219
3321,0,578,0,0,0,0,578
3322,0,83,5,0,0,0,92
3323,0,0,55,0,0,0,56
3324,0,46,273,0,0,0,316
3325,0,0,265,0,0,0,265
3328,0,613,0,0,0,0,613
3329,0,131,0,0,0,0,131
3330,0,101,0,0,0,0,101
3331,0,2106,0,0,0,0,2106
3332,0,374,0,0,0,0,374
3333,0,349,0,0,0,0,349
3334,0,262,0,0,0,0,262
3335,2193,0,0,0,0,0,2193
3337,13517,156,0,0,0,0,13674
3338,7928,922,0,0,0,0,8852
3340,7353,965,0,0,0,0,8320
3341,0,640,0,0,0,0,640
3342,0,1505,0,0,0,0,1505
3345,0,475,0,0,0,0,475
3350,0,26787,0,0,0,0,26787
3351,0,3019,341,0,0,0,3356
3352,0,6250,0,0,0,0,6256
3355,0,6180,0,0,0,0,6180
3356,0,7345,0,0,0,0,7345
3357,0,1412,0,0,0,0,1412
3360,0,416,0,0,0,0,416
3361,0,357,0,0,0,0,357
3363,0,1598,0,0,0,0,1598
3364,0,999,0,0,0,0,999
3370,0,929,0,0,0,0,929
3371,0,585,0,0,0,0,585
3373,0,1157,3,0,0,0,1166
3374,0,184,13,0,0,0,190
3375,0,95,0,0,0,0,95
3377,0,4216,27,0,0,0,4240
3378,0,60,0,0,0,0,60
3379,0,0,418,0,0,0,418
3380,0,2967,0,0,0,0,2967
3381,0,134,811,0,0,0,944
3384,0,89,208,0,0,0,299
3385,0,89,172,0,0,0,262
3387,0,29,141,0,0,0,173
3388,0,0,277,0,0,0,277
3390,0,0,494,0,0,0,494
3391,0,0,88,0,0,0,88
3392,0,0,313,0,0,0,313
3393,0,0,1370,0,0,0,1370
3395,0,0,213,7,0,0,219
3396,0,0,391,0,0,0,391
3400,0,0,7033,0,0,0,7033
3401,0,0,1852,0,0,0,1852
3407,0,0,220,0,0,0,220
3409,0,0,501,0,0,0,501
3412,0,0,162,0,0,0,162
3413,0,0,132,0,0,0,132
3414,0,0,922,0,0,0,922
3415,0,0,18,0,0,0,18
3418,0,0,1426,0,0,0,1426
3419,0,0,431,0,0,0,431
3420,0,0,128,31,0,0,155
3423,0,0,308,0,0,0,308
3424,0,0,51,404,0,0,451
3427,1154,0,0,0,0,0,1154
3428,248,0,0,0,0,0,248
3429,13737,261,0,0,0,0,14000
3430,14,111,0,0,0,0,126
3431,0,1457,0,0,0,0,1457
3432,0,82,0,0,0,0,82
3433,0,77,0,0,0,0,77
3434,0,1944,0,0,0,0,1944
3435,0,1228,0,0,0,0,1228
3437,0,3920,0,0,0,0,3920
3438,0,847,0,0,0,0,847
3440,0,795,0,0,0,0,795
3441,0,621,0,0,0,0,621
3442,0,3116,0,0,0,0,3116
3444,0,4295,0,0,0,0,4295
3446,0,497,0,0,0,0,497
3447,0,247,0,0,0,0,247
3448,0,444,0,0,0,0,444
3450,0,3587,0,0,0,0,3587
3451,0,2408,0,0,0,0,2408
3453,0,730,0,0,0,0,730
3458,0,1211,0,0,0,0,1211
3460,0,1897,0,0,0,0,1897
3461,0,2617,0,0,0,0,2617
3462,0,626,0,0,0,0,626
3463,0,1414,0,0,0,0,1414
3464,0,499,0,0,0,0,499
3465,0,4844,8,0,0,0,4853
3467,0,632,0,0,0,0,632
3468,0,160,0,0,0,0,160
3469,0,157,0,0,0,0,157
3472,0,857,39,0,0,0,895
3475,0,164,81,0,0,0,243
3477,0,61,400,0,0,0,455
3478,0,158,1219,0,0,0,1378
3480,0,0,899,0,0,0,899
3482,0,0,104,0,0,0,104
3483,0,0,447,0,0,0,447
3485,0,0,200,0,0,0,200
3487,0,0,49,0,0,0,49
3488,0,0,63,0,0,0,63
3489,0,0,41,0,0,0,41
3490,0,0,681,48,0,0,731
3491,0,0,71,0,0,0,71
3494,0,0,351,0,0,0,351
3496,0,0,2742,0,0,0,2742
3498,0,0,2101,0,0,0,2101
3500,0,0,15065,0,0,0,15065
3501,0,0,713,0,0,0,713
3505,0,0,1928,0,0,0,1928
3506,0,0,0,22,0,0,22
3507,0,0,84,0,0,0,84
3509,0,0,0,126,0,0,126
3512,0,0,0,216,0,0,216
3515,0,730,0,0,0,0,730
3516,0,341,0,0,0,0,341
3517,0,535,200,0,0,0,739
3518,0,0,839,0,0,0,839
3520,0,0,110,0,0,0,110
3521,0,281,0,0,0,0,281
3522,0,166,0,0,0,0,166
3523,0,2158,0,0,0,0,2158
3525,0,0,694,0,0,0,694
3527,0,0,439,0,0,0,439
3529,0,0,43,0,0,0,43
3530,0,0,72,0,0,0,72
3531,0,0,82,0,0,0,82
3533,0,0,421,0,0,0,421
3537,0,0,513,0,0,0,513
3540,0,0,162,0,0,0,162
3542,0,0,67,0,0,0,67
3544,0,0,127,0,0,0,127
3546,0,0,198,0,0,0,198
3549,0,0,1514,0,0,0,1514
3550,0,19451,0,0,0,0,19451
3551,0,10933,0,0,0,0,10933
3555,0,9065,0,0,0,0,9065
3556,0,5903,0,0,0,0,5903
3557,0,337,0,0,0,0,337
3558,0,496,0,0,0,0,496
3559,0,284,0,0,0,0,284
3561,0,2017,0,0,0,0,2017
3562,0,128,0,0,0,0,128
3563,0,365,0,0,0,0,365
3564,0,7153,0,0,0,0,7153
3565,0,50,0,0,0,0,50
3566,0,0,289,0,0,0,289
3567,0,0,318,0,0,0,318
3568,0,0,1452,0,0,0,1452
3570,0,316,0,0,0,0,319
3571,0,130,20,0,0,0,151
3572,0,66,0,0,0,0,66
3573,0,26,137,0,0,0,161
3575,0,0,437,0,0,0,437
3576,0,0,38,0,0,0,38
3579,0,0,2687,0,0,0,2687
3580,0,0,513,0,0,0,513
3581,0,0,98,0,0,0,98
3583,0,0,90,0,0,0,90
3584,0,0,491,0,0,0,491
3585,0,0,5062,0,0,0,5062
3586,0,0,300,0,0,0,300
3588,0,0,151,0,0,0,151
3589,0,0,151,0,0,0,151
3590,0,0,126,0,0,0,126
3591,0,0,69,0,0,0,69
3594,0,0,268,0,0,0,268
3595,0,0,302,0,0,0,302
3596,0,0,49,0,0,0,49
3597,0,0,210,0,0,0,210
3599,0,0,85,0,0,0,85
3607,0,66,0,0,0,0,66
3608,0,1446,0,0,0,0,1446
3610,0,683,0,0,0,0,683
3612,0,973,0,0,0,0,973
3614,0,346,0,0,0,0,346
3616,0,2318,0,0,0,0,2318
3617,0,62,0,0,0,0,62
3618,0,296,0,0,0,0,296
3620,0,3621,0,0,0,0,3621
3621,0,974,0,0,0,0,974
3622,0,201,0,0,0,0,201
3623,0,433,0,0,0,0,433
3624,0,248,0,0,0,0,248
3629,0,4194,0,0,0,0,4194
3630,0,13500,0,0,0,0,13500
3631,0,4347,0,0,0,0,4347
3633,0,249,0,0,0,0,249
3634,0,722,0,0,0,0,722
3635,0,254,0,0,0,0,254
3636,0,2430,0,0,0,0,2430
3637,0,148,76,0,0,0,227
3638,0,942,39,0,0,0,975
3639,0,32,292,0,0,0,322
3640,0,386,0,0,0,0,386
3641,0,433,110,0,0,0,547
3646,0,251,0,0,0,0,251
3647,0,3,0,0,0,0,3
3649,0,205,0,0,0,0,205
3658,0,2701,0,0,0,0,2701
3659,0,362,0,0,0,0,362
3660,0,3619,0,0,0,0,3619
3662,0,276,0,0,0,0,276
3663,0,88,0,0,0,0,88
3664,0,501,0,0,0,0,501
3665,0,184,0,0,0,0,184
3666,0,2566,0,0,0,0,2566
3669,0,723,0,0,0,0,723
3670,0,279,0,0,0,0,279
3672,0,5157,0,0,0,0,5157
3673,0,642,162,0,0,0,803
3675,0,817,0,0,0,0,817
3677,0,8595,0,0,0,0,8595
3678,0,2411,327,0,0,0,2737
3682,0,254,0,0,0,0,254
3683,0,796,0,0,0,0,796
3685,0,1319,0,0,0,0,1319
3687,0,476,0,0,0,0,476
3688,0,488,0,0,0,0,488
3690,0,14627,0,0,0,0,14627
3694,0,0,0,0,0,0,0
3695,0,188,0,0,0,0,188
3697,0,159,136,0,0,0,290
3698,0,520,0,0,0,0,520
3699,0,565,371,0,0,0,935
3700,0,50,578,0,0,0,626
3701,0,19,609,0,0,0,625
3704,0,0,15,0,0,0,15
3705,0,0,134,0,0,0,134
3708,0,0,34,0,0,0,34
3709,0,0,183,0,0,0,183
3711,0,315,0,0,0,0,315
3712,0,228,0,0,0,0,228
3713,0,0,881,0,0,0,881
3714,0,1914,0,0,0,0,1914
3715,0,0,248,0,0,0,248
3717,0,1465,0,0,0,0,1465
3718,0,48,0,0,0,0,48
3719,0,230,0,0,0,0,230
3720,0,0,648,0,0,0,648
3722,0,0,2481,0,0,0,2481
3723,0,0,3198,0,0,0,3198
3725,0,279,0,0,0,0,279
3726,0,205,0,0,0,0,205
3727,0,142,0,0,0,0,142
3728,0,307,0,0,0,0,307
3730,0,4503,0,0,0,0,4503
3732,0,208,81,0,0,0,284
3733,0,0,114,0,0,0,114
3735,0,276,0,0,0,0,276
3737,0,2040,75,0,0,0,2118
3738,0,107,0,0,0,0,107
3739,0,122,0,0,0,0,122
3740,0,0,562,0,0,0,562
3741,0,0,2375,0,0,0,2375
3744,0,0,273,0,0,0,273
3746,0,179,0,0,0,0,179
3747,0,2127,0,0,0,0,2127
3749,0,802,0,0,0,0,802
3750,3044,0,0,0,0,0,3044
3751,116,0,0,0,0,0,116
3752,8074,0,0,0,0,0,8074
3753,597,176,0,0,0,0,772
3754,13337,0,0,0,0,0,13337
3755,108,0,0,0,0,0,108
3756,3058,1278,0,0,0,0,4336
3757,7,3406,0,0,0,0,3413
3758,0,773,0,0,0,0,773
3759,284,106,0,0,0,0,386
3760,0,138,0,0,0,0,138
3761,0,457,0,0,0,0,457
3762,0,60,0,0,0,0,60
3763,0,680,0,0,0,0,680
3764,0,3641,0,0,0,0,3641
3765,2463,0,0,0,0,0,2463
3766,555,0,0,0,0,0,555
3767,548,0,0,0,0,0,548
3770,817,379,0,0,0,0,1201
3775,0,1536,0,0,0,0,1536
3777,0,4590,0,0,0,0,4590
3778,0,102,0,0,0,0,102
3779,0,275,0,0,0,0,275
3781,1661,15,0,0,0,0,1675
3782,2956,0,0,0,0,0,2956
3783,564,303,0,0,0,0,868
3785,29,0,0,0,0,0,29
3786,590,0,0,0,0,0,590
3787,406,0,0,0,0,0,406
3788,804,0,0,0,0,0,804
3789,124,0,0,0,0,0,124
3791,597,0,0,0,0,0,597
3792,394,0,0,0,0,0,394
3793,1393,0,0,0,0,0,1393
3795,435,0,0,0,0,0,435
3796,3531,0,0,0,0,0,3531
3797,0,1491,0,0,0,0,1491
3799,0,2900,0,0,0,0,2900
3800,30,0,0,0,0,0,30
3802,8558,0,0,0,0,0,8558
3803,3706,0,0,0,0,0,3706
3804,2421,0,0,0,0,0,2421
3805,18464,0,0,0,0,0,18464
3806,17282,0,0,0,0,0,17282
3807,2459,0,0,0,0,0,2459
3808,998,0,0,0,0,0,998
3809,2691,28,0,0,0,0,2723
3810,17500,491,0,0,0,0,17997
3812,0,842,0,0,0,0,842
3813,0,332,0,0,0,0,332
3814,0,858,0,0,0,0,858
3815,0,1154,0,0,0,0,1154
3816,0,1093,0,0,0,0,1093
3818,0,5916,0,0,0,0,5916
3820,0,6928,0,0,0,0,6928
3821,0,1188,0,0,0,0,1188
3822,0,354,0,0,0,0,354
3823,0,857,0,0,0,0,857
3824,0,2148,0,0,0,0,2148
3825,0,10026,9,0,0,0,10041
3831,0,744,0,0,0,0,744
3832,0,139,0,0,0,0,139
3833,0,246,38,0,0,0,282
3835,0,198,0,0,0,0,198
3840,0,8048,0,0,0,0,8048
3842,0,2145,0,0,0,0,2145
3844,0,12966,22,0,0,0,12978
3847,0,899,57,0,0,0,956
3850,0,6976,0,0,0,0,6976
3851,0,1080,3200,0,0,0,4280
3852,0,12,0,0,0,0,12
3854,0,534,0,0,0,0,534
3856,0,388,0,0,0,0,388
3857,0,150,0,0,0,0,150
3858,0,1206,203,0,0,0,1405
3859,0,380,0,0,0,0,380
3860,0,2700,750,0,0,0,3449
3862,0,1080,328,0,0,0,1409
3864,0,0,102,0,0,0,102
3865,0,0,185,0,0,0,185
3869,0,677,0,0,0,0,677
3870,0,618,0,0,0,0,618
3871,0,1298,0,0,0,0,1298
3873,0,134,0,0,0,0,134
3874,0,0,404,0,0,0,404
3875,0,0,8552,0,0,0,8552
3878,0,0,557,0,0,0,557
3880,0,0,2585,0,0,0,2585
3882,0,0,492,0,0,0,492
3885,0,0,901,0,0,0,901
3886,0,0,179,0,0,0,179
3887,0,0,171,0,0,0,171
3888,0,0,2023,0,0,0,2023
3889,0,0,43,135,0,0,179
3890,0,0,0,237,0,0,237
3891,0,0,0,117,0,0,117
3892,0,0,0,864,0,0,864
3893,0,0,21,0,0,0,21
3895,0,0,126,0,0,0,126
3896,0,0,240,0,0,0,240
3898,0,0,827,0,0,0,827
3900,0,0,126,0,0,0,126
3902,0,0,188,0,0,0,188
3903,0,0,370,0,0,0,370
3904,0,0,986,0,0,0,986
3909,0,0,4578,0,0,0,4578
3910,8710,0,0,0,0,0,8710
3911,1319,0,0,0,0,0,1319
3912,5710,0,0,0,0,0,5710
3913,1273,0,0,0,0,0,1273
3915,4501,0,0,0,0,0,4501
3916,0,767,0,0,0,0,767
3918,1470,0,0,0,0,0,1470
3919,1355,0,0,0,0,0,1355
3920,112,0,0,0,0,0,112
3921,0,0,101,0,0,0,101
3922,0,8759,0,0,0,0,8759
3923,0,487,0,0,0,0,487
3925,0,2944,0,0,0,0,2944
3926,1618,218,0,0,0,0,1830
3927,1201,0,0,0,0,0,1201
3928,124,151,0,0,0,0,277
3929,0,945,0,0,0,0,945
3930,6820,0,0,0,0,0,6820
3931,11322,0,0,0,0,0,11322
3933,375,0,0,0,0,0,375
3934,8167,0,0,0,0,0,8167
3936,8021,0,0,0,0,0,8021
3937,0,885,0,0,0,0,885
3938,2002,0,0,0,0,0,2002
3939,8493,514,0,0,0,0,9002
3940,3581,0,0,0,0,0,3581
3941,11852,0,0,0,0,0,11852
3942,3471,0,0,0,0,0,3471
3943,3053,0,0,0,0,0,3053
3944,1451,0,0,0,0,0,1451
3945,0,484,0,0,0,0,484
3946,0,106,0,0,0,0,106
3950,0,2221,0,0,0,0,2221
3951,0,492,0,0,0,0,492
3953,0,3508,0,0,0,0,3508
3954,0,165,0,0,0,0,165
3956,0,2526,328,0,0,0,2851
3957,0,129,0,0,0,0,129
3958,0,150,0,0,0,0,150
3959,0,425,851,0,0,0,1271
3960,0,1316,215,0,0,0,1528
3962,0,554,0,0,0,0,554
3964,0,93,0,0,0,0,93
3965,0,0,125,0,0,0,125
3966,0,84,205,0,0,0,290
3967,0,11,52,0,0,0,67
3971,0,1772,534,0,0,0,2309
3975,4440,0,0,0,0,0,4440
3976,8331,0,0,0,0,0,8331
3977,32155,308,0,0,0,0,32464
3978,3715,126,0,0,0,0,3844
3979,0,144,0,0,0,0,144
3980,460,856,0,0,0,0,1318
3981,0,1859,0,0,0,0,1859
3984,0,3201,0,0,0,0,3201
3987,0,573,0,0,0,0,573
3988,0,437,0,0,0,0,437
3990,0,52,0,0,0,0,52
3991,0,196,0,0,0,0,196
3992,0,489,0,0,0,0,489
3995,0,5793,0,0,0,0,5793
3996,0,4353,0,0,0,0,4353
2000,13838,0,0,0,0,0,13838
2006,17,0,0,0,0,0,17
2007,3668,0,0,0,0,0,3668
2008,5622,0,0,0,0,0,5622
2009,6468,0,0,0,0,0,6468
2010,16106,0,0,0,0,0,16106
2011,13115,0,0,0,0,0,13115
2015,5034,0,0,0,0,0,5034
2016,7224,0,0,0,0,0,7224
2017,13191,0,0,0,0,0,13191
2018,7334,0,0,0,0,0,7334
2019,4137,0,0,0,0,0,4137
2020,6030,0,0,0,0,0,6030
2021,7898,0,0,0,0,0,7898
2022,5902,0,0,0,0,0,5902
2023,4641,0,0,0,0,0,4641
2024,4833,0,0,0,0,0,4833
2025,3664,0,0,0,0,0,3664
2026,16266,0,0,0,0,0,16266
2027,4698,0,0,0,0,0,4698
2028,2523,0,0,0,0,0,2523
2029,4562,0,0,0,0,0,4562
2030,5576,0,0,0,0,0,5576
2031,15484,0,0,0,0,0,15484
2032,6706,0,0,0,0,0,6706
2033,4863,0,0,0,0,0,4863
2034,9722,0,0,0,0,0,9722
2035,14632,0,0,0,0,0,14632
2036,11316,0,0,0,0,0,11316
2037,8354,0,0,0,0,0,8354
2038,4340,0,0,0,0,0,4340
2039,4155,0,0,0,0,0,4155
2040,9533,0,0,0,0,0,9533
2041,7511,0,0,0,0,0,7511
2042,9480,0,0,0,0,0,9480
2043,4053,0,0,0,0,0,4053
2044,3330,0,0,0,0,0,3330
2045,2415,0,0,0,0,0,2415
2046,11542,0,0,0,0,0,11542
2047,5541,0,0,0,0,0,5541
2048,3561,0,0,0,0,0,3561
2049,5200,0,0,0,0,0,5200
2050,5400,0,0,0,0,0,5400
2052,551,0,0,0,0,0,551
2060,8051,0,0,0,0,0,8051
2061,3894,0,0,0,0,0,3894
2062,3442,0,0,0,0,0,3442
2063,2266,0,0,0,0,0,2266
2064,4057,0,0,0,0,0,4057
2065,14878,0,0,0,0,0,14878
2066,13466,0,0,0,0,0,13466
2067,11058,0,0,0,0,0,11058
2068,6251,0,0,0,0,0,6251
2069,5083,0,0,0,0,0,5083
2070,4996,0,0,0,0,0,4996
2071,4898,0,0,0,0,0,4898
2072,2841,0,0,0,0,0,2841
2073,5608,0,0,0,0,0,5608
2074,8169,0,0,0,0,0,8169
2075,7469,0,0,0,0,0,7469
2076,8620,0,0,0,0,0,8620
2077,15122,0,0,0,0,0,15122
2079,2422,0,0,0,0,0,2422
2080,602,0,0,0,0,0,602
2081,1593,226,0,0,0,0,1814
2082,1825,70,0,0,0,0,1894
2083,0,873,0,0,0,0,873
2084,1206,6,0,0,0,0,1208
2085,4091,0,0,0,0,0,4091
2086,4416,0,0,0,0,0,4416
2087,4490,0,0,0,0,0,4490
2088,13245,0,0,0,0,0,13245
2089,6412,0,0,0,0,0,6412
2090,7033,0,0,0,0,0,7033
2092,2459,0,0,0,0,0,2459
2093,8939,0,0,0,0,0,8939
2094,2699,0,0,0,0,0,2699
2095,8478,0,0,0,0,0,8478
2096,6336,0,0,0,0,0,6336
2097,5699,0,0,0,0,0,5699
2099,16649,0,0,0,0,0,16649
2100,7404,0,0,0,0,0,7404
2101,8015,0,0,0,0,0,8015
2102,2653,0,0,0,0,0,2653
2103,4353,0,0,0,0,0,4353
2104,1676,0,0,0,0,0,1676
2105,790,167,0,0,0,0,959
2106,3889,0,0,0,0,0,3889
2107,5860,0,0,0,0,0,5860
2108,1191,162,0,0,0,0,1347
2109,954,0,0,0,0,0,954
2110,3654,0,0,0,0,0,3654
2111,6163,0,0,0,0,0,6163
2112,13079,0,0,0,0,0,13079
2113,7485,0,0,0,0,0,7485
2114,9791,0,0,0,0,0,9791
2115,3957,0,0,0,0,0,3957
2116,2487,0,0,0,0,0,2487
2117,7987,0,0,0,0,0,7987
2118,8502,0,0,0,0,0,8502
2119,3918,0,0,0,0,0,3918
2120,7172,0,0,0,0,0,7172
2121,10111,0,0,0,0,0,10111
2122,11825,0,0,0,0,0,11825
2123,0,0,0,0,0,0,0
2125,5435,0,0,0,0,0,5435
2126,6166,0,0,0,0,0,6166
2127,6606,0,0,0,0,0,6606
2128,919,0,0,0,0,0,919
2129,4,0,0,0,0,0,4
2130,3366,0,0,0,0,0,3366
2131,9772,0,0,0,0,0,9772
2132,3854,0,0,0,0,0,3854
2133,4281,0,0,0,0,0,4281
2134,6060,0,0,0,0,0,6060
2135,8854,0,0,0,0,0,8854
2136,2719,0,0,0,0,0,2719
2137,10491,0,0,0,0,0,10491
2138,8268,0,0,0,0,0,8268
2139,5,0,0,0,0,0,5
2140,6052,0,0,0,0,0,6052
2141,9365,0,0,0,0,0,9365
2142,9537,0,0,0,0,0,9537
2143,3009,0,0,0,0,0,3009
2144,11167,0,0,0,0,0,11167
2145,27856,0,0,0,0,0,27856
2146,6147,0,0,0,0,0,6147
2147,13266,0,0,0,0,0,13266
2148,22056,0,0,0,0,0,22056
2150,12758,0,0,0,0,0,12758
2151,8348,0,0,0,0,0,8348
2152,4746,0,0,0,0,0,4746
2153,19413,0,0,0,0,0,19413
2154,13743,0,0,0,0,0,13743
2155,16972,0,0,0,0,0,16972
2156,3958,355,0,0,0,0,4321
2157,0,1215,0,0,0,0,1215
2158,2810,124,0,0,0,0,2930
2159,1133,608,0,0,0,0,1737
2160,12478,0,0,0,0,0,12478
2161,10296,0,0,0,0,0,10296
2162,6204,0,0,0,0,0,6204
2163,3419,0,0,0,0,0,3419
2164,6516,0,0,0,0,0,6516
2165,13884,0,0,0,0,0,13884
2166,16750,0,0,0,0,0,16750
2167,3210,0,0,0,0,0,3210
2168,13709,0,0,0,0,0,13709
2170,35996,0,0,0,0,0,35996
2171,9905,0,0,0,0,0,9905
2172,877,0,0,0,0,0,877
2173,4462,0,0,0,0,0,4462
2174,666,0,0,0,0,0,666
2175,597,0,0,0,0,0,597
2176,14246,0,0,0,0,0,14246
2177,4698,0,0,0,0,0,4698
2178,1265,0,0,0,0,0,1265
2179,2265,0,0,0,0,0,2265
2190,8026,0,0,0,0,0,8026
2191,2289,0,0,0,0,0,2289
2192,4873,0,0,0,0,0,4873
2193,6090,0,0,0,0,0,6090
2194,8941,0,0,0,0,0,8941
2195,8975,0,0,0,0,0,8975
2196,10548,0,0,0,0,0,10548
2197,3007,0,0,0,0,0,3007
2198,2888,0,0,0,0,0,2888
2199,5947,0,0,0,0,0,5947
2200,14820,0,0,0,0,0,14820
2203,6275,0,0,0,0,0,6275
2204,11302,0,0,0,0,0,11302
2205,7695,0,0,0,0,0,7695
2206,7114,0,0,0,0,0,7114
2207,10091,0,0,0,0,0,10091
2208,4588,0,0,0,0,0,4588
2209,5838,0,0,0,0,0,5838
2210,11609,0,0,0,0,0,11609
2211,6328,0,0,0,0,0,6328
2212,5706,0,0,0,0,0,5706
2213,7960,0,0,0,0,0,7960
2214,1359,0,0,0,0,0,1359
2216,11397,0,0,0,0,0,11397
2217,10788,0,0,0,0,0,10788
2218,6228,0,0,0,0,0,6228
2219,5927,0,0,0,0,0,5927
2220,11483,0,0,0,0,0,11483
2221,5792,0,0,0,0,0,5792
2222,4827,0,0,0,0,0,4827
2223,8174,0,0,0,0,0,8174
2224,5481,0,0,0,0,0,5481
2225,1824,0,0,0,0,0,1824
2226,4572,0,0,0,0,0,4572
2227,5633,0,0,0,0,0,5633
2228,7462,0,0,0,0,0,7462
2229,11503,0,0,0,0,0,11503
2230,12326,1185,0,0,0,0,13511
2231,785,0,0,0,0,0,785
2232,13168,0,0,0,0,0,13168
2233,10150,193,0,0,0,0,10343
2234,10027,0,0,0,0,0,10027
2250,26745,1396,0,0,0,0,28144
2251,14629,0,0,0,0,0,14629
2256,7963,87,0,0,0,0,8049
2257,14377,0,0,0,0,0,14377
2258,1751,197,0,0,0,0,1950
2259,22771,755,0,0,0,0,23522
2260,10213,0,0,0,0,0,10213
2261,24491,0,0,0,0,0,24491
2262,8781,0,0,0,0,0,8781
2263,11239,0,0,0,0,0,11239
2264,6382,152,0,0,0,0,6532
2265,2014,271,0,0,0,0,2280
2267,1367,0,0,0,0,0,1367
2278,914,0,0,0,0,0,914
2280,11215,0,0,0,0,0,11215
2281,5714,813,0,0,0,0,6527
2282,6006,0,0,0,0,0,6006
2283,10096,0,0,0,0,0,10096
2284,4508,0,0,0,0,0,4508
2285,11937,0,0,0,0,0,11937
2286,1542,0,0,0,0,0,1542
2287,14339,0,0,0,0,0,14339
2289,7848,0,0,0,0,0,7848
2290,13894,0,0,0,0,0,13894
2291,6032,0,0,0,0,0,6032
2292,1190,0,0,0,0,0,1190
2293,1362,0,0,0,0,0,1362
2294,975,0,0,0,0,0,975
2295,3151,0,0,0,0,0,3151
2296,969,0,0,0,0,0,969
2297,743,0,0,0,0,0,743
2298,4218,0,0,0,0,0,4218
2299,4822,0,0,0,0,0,4822
2300,6299,0,0,0,0,0,6299
2302,379,0,0,0,0,0,379
2303,4420,0,0,0,0,0,4420
2304,6931,0,0,0,0,0,6931
2305,5358,0,0,0,0,0,5358
2306,1561,0,0,0,0,0,1561
2307,1732,0,0,0,0,0,1732
2308,10,0,0,0,0,0,10
2311,0,314,137,0,0,0,457
2312,0,601,0,0,0,0,601
2314,0,0,0,0,0,0,0
2315,0,9340,0,0,0,0,9340
2316,0,2780,0,0,0,0,2780
2317,0,3464,0,0,0,0,3464
2318,390,4064,0,0,0,0,4450
2319,0,3144,0,0,0,0,3144
2320,12671,1065,0,0,0,0,13737
2321,3791,1730,0,0,0,0,5520
2322,7260,25,0,0,0,0,7285
2323,10095,555,0,0,0,0,10649
2324,5790,5787,0,0,0,0,11569
2325,70,11667,12,0,0,0,11753
2326,2635,288,0,0,0,0,2917
2327,3293,0,0,0,0,0,3293
2328,0,939,195,0,0,0,1139
2329,0,0,1070,0,0,0,1070
2330,0,8237,223,0,0,0,8457
2331,0,0,0,0,0,0,0
2333,0,5999,203,0,0,0,6203
2334,0,1077,0,0,0,0,1077
2335,0,2367,0,0,0,0,2367
2336,0,978,192,0,0,0,1170
2337,0,2699,814,0,0,0,3514
2338,0,0,776,0,0,0,776
2339,0,0,351,0,0,0,351
2340,0,19797,1402,0,0,0,21199
2341,0,715,69,0,0,0,786
2342,0,0,226,0,0,0,226
2343,0,0,2358,0,0,0,2358
2344,0,210,99,0,0,0,315
2345,0,0,305,0,0,0,305
2346,0,0,1518,0,0,0,1518
2347,0,0,1051,0,0,0,1051
2350,0,9689,1464,0,0,0,11149
2351,0,12,0,0,0,0,12
2352,0,1057,95,0,0,0,1149
2353,0,33,424,0,0,0,460
2354,0,0,1840,0,0,0,1840
2355,0,0,345,0,0,0,345
2356,0,0,0,80,0,0,80
2357,0,0,2035,0,0,0,2035
2358,0,1159,622,0,0,0,1777
2359,0,0,360,0,0,0,360
2360,0,0,6353,0,0,0,6353
2361,0,0,448,0,0,0,448
2365,0,0,1724,0,0,0,1724
2369,0,0,402,0,0,0,402
2370,0,0,3720,0,0,0,3720
2371,0,0,678,0,0,0,678
2372,0,0,2563,0,0,0,2563
2379,0,0,163,0,0,0,163
2380,0,0,4630,0,0,0,4630
2381,0,0,562,0,0,0,562
2382,0,0,696,0,0,0,696
2386,0,0,0,204,0,0,204
2387,0,0,0,106,0,0,106
2388,0,0,979,262,0,0,1238
2390,0,0,3941,0,0,0,3941
2395,0,0,416,0,0,0,416
2396,0,0,29,428,0,0,454
2397,0,0,149,17,0,0,160
2398,0,0,99,0,0,0,99
2399,0,0,269,0,0,0,269
2400,0,0,4620,119,0,0,4731
2401,0,0,144,0,0,0,144
2402,0,0,857,0,0,0,857
2403,0,0,315,0,0,0,315
2404,0,0,971,0,0,0,971
2405,0,0,0,282,0,0,282
2408,0,0,204,0,0,0,204
2409,0,0,396,0,0,0,396
2410,0,0,152,0,0,0,152
2411,0,0,54,0,0,0,54
2415,0,190,0,0,0,0,190
2420,0,1783,157,0,0,0,1941
2421,0,746,0,0,0,0,746
2422,0,1980,790,0,0,0,2769
2423,0,1719,0,0,0,0,1719
2424,0,150,68,0,0,0,225
2425,0,824,0,0,0,0,824
2426,0,325,0,0,0,0,325
2427,0,1851,0,0,0,0,1851
2428,0,14547,0,0,0,0,14547
2429,0,3901,549,0,0,0,4448
2430,0,15660,0,0,0,0,15660
2431,0,0,3075,0,0,0,3075
2439,0,1230,0,0,0,0,1230
2440,0,5896,3709,0,0,0,9605
2441,0,489,1473,0,0,0,1961
2443,0,4744,0,0,0,0,4744
2444,0,22203,0,0,0,0,22203
2445,0,2918,0,0,0,0,2918
2446,0,4881,507,0,0,0,5383
2447,0,0,3354,0,0,0,3354
2448,0,0,4819,0,0,0,4819
2449,0,0,992,0,0,0,992
2450,0,17981,1155,0,0,0,19139
2452,0,6819,0,0,0,0,6819
2453,0,0,1489,0,0,0,1489
2454,0,101,3334,0,0,0,3435
2455,0,0,1581,0,0,0,1581
2456,0,6787,0,0,0,0,6787
2460,0,10167,2834,0,0,0,13001
2462,0,208,1302,0,0,0,1507
2463,0,3070,432,0,0,0,3503
2464,0,4174,0,0,0,0,4174
2465,0,154,0,0,0,0,154
2466,0,1306,0,0,0,0,1306
2469,0,782,1408,0,0,0,2192
2470,0,6488,14,0,0,0,6496
2471,0,1030,0,0,0,0,1030
2472,0,818,0,0,0,0,818
2473,0,1927,0,0,0,0,1927
2474,0,2875,238,0,0,0,3108
2475,0,0,203,0,0,0,203
2476,0,0,472,0,0,0,472
2477,0,5202,0,0,0,0,5202
2478,0,13420,0,0,0,0,13420
2479,0,2071,0,0,0,0,2071
2480,0,19766,0,0,0,0,19766
2481,0,6106,0,0,0,0,6106
2482,0,3017,0,0,0,0,3017
2483,0,5229,0,0,0,0,5229
2484,4026,4135,0,0,0,0,8159
2485,7983,0,0,0,0,0,7983
2486,13976,269,0,0,0,0,14246
2487,6508,107,0,0,0,0,6618
2488,1475,0,0,0,0,0,1475
2489,3159,52,0,0,0,0,3212
2490,259,21,0,0,0,0,278
2500,18766,0,0,0,0,0,18766
2502,5200,0,0,0,0,0,5200
2505,2241,0,0,0,0,0,2241
2506,3088,0,0,0,0,0,3088
2508,2821,355,0,0,0,0,3174
2515,4504,0,0,0,0,0,4504
2516,2358,0,0,0,0,0,2358
2517,5527,0,0,0,0,0,5527
2518,8508,0,0,0,0,0,8508
2519,7046,0,0,0,0,0,7046
2522,0,0,0,0,0,0,0
2525,4353,0,0,0,0,0,4353
2526,5721,0,0,0,0,0,5721
2527,7494,237,0,0,0,0,7739
2528,10361,0,0,0,0,0,10361
2529,9667,72,0,0,0,0,9738
2530,12085,127,0,0,0,0,12214
2533,0,7133,0,0,0,0,7133
2534,0,2766,0,0,0,0,2766
2535,0,3792,0,0,0,0,3792
2536,0,11561,0,0,0,0,11561
2537,0,5390,1917,0,0,0,7305
2538,0,1041,0,0,0,0,1041
2539,0,11558,305,0,0,0,11860
2541,0,11468,0,0,0,0,11468
2545,0,0,605,0,0,0,605
2546,0,0,5797,0,0,0,5797
2548,0,0,4482,0,0,0,4482
2549,0,0,1847,0,0,0,1847
2550,0,0,7700,0,0,0,7700
2551,0,0,1832,0,0,0,1832
2555,66,8,0,0,0,0,74
2556,616,169,0,0,0,0,785
2557,2809,0,0,0,0,0,2809
2558,3696,0,0,0,0,0,3696
2559,982,0,0,0,0,0,982
2560,26835,879,0,0,0,0,27717
2563,106,0,0,0,0,0,106
2564,4965,0,0,0,0,0,4965
2565,7136,0,0,0,0,0,7136
2566,8790,0,0,0,0,0,8790
2567,12338,0,0,0,0,0,12338
2568,258,133,0,0,0,0,386
2569,41,430,0,0,0,0,468
2570,11726,2268,0,0,0,0,13996
2571,0,4123,0,0,0,0,4123
2572,0,1607,0,0,0,0,1607
2573,0,1930,0,0,0,0,1930
2574,0,2068,0,0,0,0,2068
2575,0,6491,0,0,0,0,6491
2576,0,6295,0,0,0,0,6295
2577,0,7259,0,0,0,0,7259
2578,0,1367,0,0,0,0,1367
2579,0,2027,0,0,0,0,2027
2580,0,13082,590,0,0,0,13674
2581,0,983,0,0,0,0,983
2582,0,5060,41,0,0,0,5095
2583,0,1786,654,0,0,0,2438
2584,0,275,0,0,0,0,275
2585,0,137,6,0,0,0,140
2586,0,999,522,0,0,0,1521
2587,0,1422,0,0,0,0,1422
2588,0,147,0,0,0,0,147
2590,0,3273,157,0,0,0,3433
2594,0,4702,536,0,0,0,5241
2619,3293,0,0,0,0,0,3293
2621,0,2272,0,0,0,0,2272
2622,0,1542,739,0,0,0,2275
2623,0,303,0,0,0,0,303
2625,0,0,711,0,0,0,711
2626,0,197,0,0,0,0,197
2627,0,0,3279,0,0,0,3279
2628,0,0,1094,0,0,0,1094
2629,0,0,559,0,0,0,559
2630,0,3975,347,0,0,0,4330
2631,0,0,380,0,0,0,380
2632,0,0,960,0,0,0,960
2633,0,0,245,0,0,0,245
2640,0,16360,61,0,0,0,16417
2641,0,7199,0,0,0,0,7199
2642,0,1294,738,0,0,0,2035
2643,0,1276,0,0,0,0,1276
2644,0,989,245,0,0,0,1230
2645,0,0,234,0,0,0,234
2646,0,2948,438,0,0,0,3385
2647,0,1334,9,0,0,0,1344
2648,0,0,905,386,0,0,1286
2649,0,0,15,0,0,0,15
2650,0,24175,261,0,0,0,24441
2651,0,806,0,0,0,0,806
2652,0,984,975,73,0,0,2031
2653,0,0,1154,0,0,0,1154
2655,0,510,42,0,0,0,555
2656,0,17,630,0,0,0,649
2658,0,570,98,0,0,0,666
2659,0,345,18,0,0,0,359
2660,0,703,0,0,0,0,703
2661,0,58,0,0,0,0,58
2663,0,1777,63,0,0,0,1837
2665,0,0,1060,0,0,0,1060
2666,0,37,2587,0,0,0,2617
2668,0,0,220,0,0,0,220
2669,0,0,643,248,0,0,891
2671,0,0,1985,0,0,0,1985
2672,0,0,0,694,0,0,694
2675,0,0,0,760,0,0,760
2678,0,4,0,0,0,0,4
2680,0,0,9604,0,0,0,9604
2681,0,0,711,0,0,0,711
2700,0,0,2380,0,0,0,2380
2701,0,888,79,0,0,0,964
2702,0,0,332,0,0,0,332
2703,0,0,305,0,0,0,305
2705,0,0,4446,0,0,0,4446
2706,0,0,538,0,0,0,538
2707,0,0,671,0,0,0,671
2710,0,3610,1406,0,0,0,5013
2711,0,0,1379,431,0,0,1811
2712,0,0,701,0,0,0,701
2713,0,999,432,0,0,0,1436
2714,0,1447,43,0,0,0,1488
2715,0,0,647,180,0,0,826
2716,0,0,582,0,0,0,582
2717,0,0,605,0,0,0,605
2720,0,3406,413,0,0,0,3821
2721,0,0,138,0,0,0,138
2722,0,1390,107,0,0,0,1502
2725,0,0,201,0,0,0,201
2726,0,0,126,0,0,0,126
2727,0,0,171,0,0,0,171
2729,0,665,127,0,0,0,787
2730,0,0,713,0,0,0,713
2731,0,2756,288,0,0,0,3044
2732,0,0,1009,0,0,0,1009
2733,0,0,354,0,0,0,354
2734,0,0,209,4,0,0,214
2735,0,0,184,0,0,0,184
2736,0,0,197,0,0,0,197
2737,0,0,381,11,0,0,385
2738,0,0,648,40,0,0,687
2739,0,0,699,0,0,0,699
2745,9193,465,0,0,0,0,9665
2747,15789,0,0,0,0,0,15789
2748,588,0,0,0,0,0,588
2749,5748,0,0,0,0,0,5748
2750,18343,0,0,0,0,0,18343
2752,0,1659,0,0,0,0,1659
2753,5265,1184,0,0,0,0,6450
2754,1932,244,0,0,0,0,2177
2755,4,0,0,0,0,0,4
2756,9280,2998,117,0,0,0,12401
2757,0,301,0,0,0,0,301
2758,0,3149,0,0,0,0,3149
2759,8555,0,0,0,0,0,8555
2760,12782,0,0,0,0,0,12782
2761,9138,0,0,0,0,0,9138
2762,1744,0,0,0,0,0,1744
2763,9912,0,0,0,0,0,9912
2765,5092,405,0,0,0,0,5495
2766,4744,0,0,0,0,0,4744
2767,7245,0,0,0,0,0,7245
2768,8273,0,0,0,0,0,8273
2769,3498,0,0,0,0,0,3498
2770,20744,0,0,0,0,0,20744
2773,2222,0,0,0,0,0,2222
2774,4838,0,0,0,0,0,4838
2775,0,890,0,0,0,0,890
2776,1554,0,0,0,0,0,1554
2777,6789,0,0,0,0,0,6789
2778,1003,0,0,0,0,0,1003
2779,2040,0,0,0,0,0,2040
2780,7123,345,0,0,0,0,7472
2782,2981,0,0,0,0,0,2981
2783,1178,0,0,0,0,0,1178
2784,554,0,0,0,0,0,554
2785,0,2920,0,0,0,0,2920
2786,0,796,0,0,0,0,796
2787,0,2122,67,0,0,0,2193
2790,0,7305,0,0,0,0,7307
2791,0,172,0,0,0,0,172
2792,0,13,190,0,0,0,206
2793,0,125,438,0,0,0,567
2794,0,4431,429,0,0,0,4857
2795,0,17466,578,0,0,0,18041
2797,0,0,187,0,0,0,187
2798,0,854,0,0,0,0,854
2799,0,1676,117,0,0,0,1788
2800,0,18954,243,0,0,0,19193
2803,0,0,156,0,0,0,156
2804,0,731,542,0,0,0,1267
2805,0,0,203,0,0,0,203
2806,0,0,394,0,0,0,394
2807,0,0,238,0,0,0,238
2808,0,0,162,0,0,0,162
2809,0,0,114,0,0,0,114
2810,0,0,1596,0,0,0,1596
2817,0,0,161,0,0,0,161
2818,0,0,346,0,0,0,346
2820,0,0,3149,0,0,0,3149
2821,0,0,2114,0,0,0,2114
2822,0,0,199,0,0,0,199
2823,0,0,662,0,0,0,662
2824,0,0,805,292,0,0,1098
2825,0,0,0,1157,0,0,1157
2826,0,0,0,84,0,0,84
2827,0,0,1705,0,0,0,1705
2828,0,0,307,146,0,0,458
2829,0,0,0,1549,0,0,1549
2830,0,15655,1369,0,0,0,17029
2831,0,0,433,454,31,0,921
2832,0,0,0,1111,289,0,1397
2833,0,0,0,361,0,0,361
2834,0,0,0,1612,24,0,1638
2835,0,0,0,2005,201,0,2209
2836,0,0,0,0,451,0,451
2838,0,0,0,0,103,0,103
2839,0,0,0,0,592,0,592
2840,0,0,0,872,549,0,1414
2842,0,0,322,0,0,0,322
2843,0,0,622,0,0,0,622
2844,0,0,761,0,0,0,761
2845,0,795,0,0,0,0,795
2846,0,110,76,0,0,0,187
2847,0,1060,0,0,0,0,1060
2848,0,710,192,0,0,0,905
2849,0,0,912,0,0,0,912
2850,0,5270,3026,0,0,0,8298
2852,0,0,1638,0,0,0,1638
2864,0,37,294,0,0,0,335
2865,0,0,401,0,0,0,401
2866,0,1001,301,0,0,0,1298
2867,0,0,303,0,0,0,303
2868,0,0,301,0,0,0,301
2869,0,0,759,0,0,0,759
2870,0,0,5386,0,0,0,5386
2871,0,0,4274,0,0,0,4274
2873,0,0,0,283,0,0,283
2874,0,0,217,21,0,0,239
2875,0,0,456,68,0,0,521
2876,0,0,194,0,0,0,194
2877,0,0,1413,426,0,0,1840
2878,0,0,0,23,177,0,197
2879,0,0,0,3,454,0,457
2880,0,0,9654,168,134,0,9963
2898,0,0,0,0,224,0,224
6000,6868,0,0,0,0,0,6868
6003,2140,0,0,0,0,0,2140
6004,6589,0,0,0,0,0,6589
6005,3701,0,0,0,0,0,3701
6006,4110,0,0,0,0,0,4110
6007,3509,0,0,0,0,0,3509
6008,7660,0,0,0,0,0,7660
6009,7145,0,0,0,0,0,7145
6010,7648,0,0,0,0,0,7648
6011,4137,0,0,0,0,0,4137
6012,4073,0,0,0,0,0,4073
6014,8870,0,0,0,0,0,8870
6015,2546,0,0,0,0,0,2546
6016,4442,0,0,0,0,0,4442
6017,2402,0,0,0,0,0,2402
6018,16633,0,0,0,0,0,16633
6019,10921,0,0,0,0,0,10921
6020,8500,0,0,0,0,0,8500
6021,8734,0,0,0,0,0,8734
6022,2112,0,0,0,0,0,2112
6023,5706,0,0,0,0,0,5706
6024,5474,0,0,0,0,0,5474
6025,12227,0,0,0,0,0,12227
6026,8466,0,0,0,0,0,8466
6027,16832,0,0,0,0,0,16832
6028,7918,0,0,0,0,0,7918
6029,1128,0,0,0,0,0,1128
6030,15377,0,0,0,0,0,15377
6031,5780,0,0,0,0,0,5780
6032,72,0,0,0,0,0,72
6033,152,0,0,0,0,0,152
6034,719,0,0,0,0,0,719
6035,3575,5,0,0,0,0,3577
6036,5848,0,0,0,0,0,5848
6037,0,1292,0,0,0,0,1292
6038,2592,0,0,0,0,0,2592
6041,0,1076,0,0,0,0,1076
6042,0,84,0,0,0,0,84
6043,0,0,445,0,0,0,445
6044,0,0,1486,0,0,0,1486
6050,6976,0,0,0,0,0,6976
6051,7379,0,0,0,0,0,7379
6052,5017,0,0,0,0,0,5017
6053,6539,0,0,0,0,0,6539
6054,9044,0,0,0,0,0,9044
6055,8132,0,0,0,0,0,8132
6056,17247,0,0,0,0,0,17247
6057,6702,0,0,0,0,0,6702
6058,5412,0,0,0,0,0,5412
6059,10274,0,0,0,0,0,10274
6060,12493,0,0,0,0,0,12493
6061,16931,0,0,0,0,0,16931
6062,13758,0,0,0,0,0,13758
6063,5075,0,0,0,0,0,5075
6064,11523,0,0,0,0,0,11523
6065,22414,0,0,0,0,0,22414
6066,6603,0,0,0,0,0,6603
6067,4,0,0,0,0,0,4
6068,6,0,0,0,0,0,6
6069,14030,299,0,0,0,0,14332
6070,1427,0,0,0,0,0,1427
6071,1344,0,0,0,0,0,1344
6072,347,0,0,0,0,0,347
6073,1310,0,0,0,0,0,1310
6074,386,3,0,0,0,0,389
6076,8474,228,0,0,0,0,8698
6077,545,0,0,0,0,0,545
6078,296,38,0,0,0,0,334
6079,14,0,0,0,0,0,14
6081,1736,0,0,0,0,0,1736
6082,1223,29,0,0,0,0,1258
6083,187,1223,0,0,0,0,1415
6084,155,2918,0,0,0,0,3074
6090,0,0,0,0,0,0,0
6100,7497,0,0,0,0,0,7497
6101,7780,0,0,0,0,0,7780
6102,6181,0,0,0,0,0,6181
6103,5336,0,0,0,0,0,5336
6104,6557,0,0,0,0,0,6557
6105,6565,0,0,0,0,0,6565
6106,3,0,0,0,0,0,3
6107,17264,0,0,0,0,0,17264
6108,8994,0,0,0,0,0,8994
6109,4804,0,0,0,0,0,4804
6110,15765,0,0,0,0,0,15765
6111,9424,190,0,0,0,0,9616
6112,22260,0,0,0,0,0,22260
6121,985,0,0,0,0,0,985
6122,6184,76,0,0,0,0,6265
6123,498,85,0,0,0,0,582
6124,0,490,0,0,0,0,490
6125,43,1157,0,0,0,0,1198
6126,0,127,0,0,0,0,127
6147,6179,0,0,0,0,0,6179
6148,7213,0,0,0,0,0,7213
6149,7121,0,0,0,0,0,7121
6150,4690,0,0,0,0,0,4690
6151,8511,0,0,0,0,0,8511
6152,11721,0,0,0,0,0,11721
6153,8764,0,0,0,0,0,8764
6154,4268,0,0,0,0,0,4268
6155,17134,0,0,0,0,0,17134
6156,7171,0,0,0,0,0,7171
6157,6545,0,0,0,0,0,6545
6158,3281,0,0,0,0,0,3281
6159,1784,0,0,0,0,0,1784
6160,4608,0,0,0,0,0,4608
6161,0,0,0,343,0,0,343
6162,5379,0,0,0,0,0,5379
6163,22806,0,0,0,0,0,22806
6164,21568,0,0,0,0,0,21568
6165,26,0,0,0,0,0,26
6166,3862,0,0,0,0,0,3862
6167,10611,0,0,0,0,0,10611
6168,11737,14,0,0,0,0,11755
6169,15171,0,0,0,0,0,15171
6170,4669,0,0,0,0,0,4669
6171,11404,144,0,0,0,0,11552
6172,4891,0,0,0,0,0,4891
6173,4029,0,0,0,0,0,4029
6174,1593,0,0,0,0,0,1593
6175,1427,0,0,0,0,0,1427
6176,517,0,0,0,0,0,517
6180,2064,0,0,0,0,0,2064
6181,153,0,0,0,0,0,153
6182,0,0,0,0,0,0,0
6207,0,418,0,0,0,0,418
6208,5001,666,0,0,0,0,5670
6209,904,25,0,0,0,0,931
6210,35104,0,0,0,0,0,35104
6211,3417,203,0,0,0,0,3620
6213,0,395,0,0,0,0,395
6214,0,252,0,0,0,0,252
6215,0,2058,0,0,0,0,2058
6218,0,195,0,0,0,0,195
6220,0,2165,0,0,0,0,2165
6221,0,128,0,0,0,0,128
6223,0,97,0,0,0,0,97
6224,0,513,0,0,0,0,513
6225,0,4138,70,0,0,0,4210
6226,0,289,0,0,0,0,289
6227,0,307,0,0,0,0,307
6228,0,74,0,0,0,0,74
6229,0,102,0,0,0,0,102
6230,0,19533,0,0,0,0,19533
6232,0,4397,0,0,0,0,4397
6233,0,7589,0,0,0,0,7589
6236,0,843,0,0,0,0,843
6237,0,984,0,0,0,0,984
6239,0,1928,0,0,0,0,1928
6240,0,61,0,0,0,0,61
6243,0,0,33,0,0,0,34
6244,0,0,781,0,0,0,781
6251,0,197,0,0,0,0,197
6252,0,81,0,0,0,0,81
6253,0,415,0,0,0,0,415
6254,0,0,268,0,0,0,268
6255,0,1219,811,0,0,0,2028
6256,0,0,185,0,0,0,185
6258,0,0,3166,0,0,0,3166
6260,0,0,794,0,0,0,794
6262,0,0,643,0,0,0,643
6271,0,1524,0,0,0,0,1524
6275,0,28,802,0,0,0,826
6280,0,13217,0,0,0,0,13217
6281,0,4519,0,0,0,0,4519
6282,0,1028,0,0,0,0,1028
6284,0,1087,0,0,0,0,1087
6285,0,4533,0,0,0,0,4533
6286,0,380,0,0,0,0,380
6288,0,195,119,0,0,0,308
6290,0,1245,248,0,0,0,1497
6302,0,1928,10,0,0,0,1936
6304,0,0,918,0,0,0,918
6306,0,0,514,27,0,0,539
6308,0,0,836,0,0,0,836
6309,0,0,139,0,0,0,139
6311,0,0,271,0,0,0,271
6312,0,0,2175,13,0,0,2180
6313,0,0,136,0,0,0,136
6315,0,0,1006,16,0,0,1026
6316,0,0,179,0,0,0,179
6317,0,0,1835,20,0,0,1853
6318,0,0,236,0,0,0,236
6320,0,0,264,0,0,0,264
6321,0,0,245,0,0,0,245
6322,0,0,128,0,0,0,128
6323,0,0,527,0,0,0,527
6324,0,0,1663,0,0,0,1663
6326,0,0,223,0,0,0,223
6327,0,0,122,0,0,0,122
6328,0,0,144,108,0,0,250
6330,0,0,16547,0,0,0,16547
6333,0,0,3376,0,0,0,3376
6335,0,0,0,376,0,0,376
6336,0,0,0,210,0,0,210
6337,0,0,0,290,0,0,291
6338,0,0,0,599,0,0,599
6341,0,0,0,165,0,0,165
6343,0,0,0,128,0,0,128
6346,0,0,0,0,400,0,400
6348,0,0,0,0,743,0,743
6350,0,0,0,189,0,0,189
6351,0,0,0,40,0,0,40
6352,0,0,0,112,0,0,112
6353,0,0,0,432,0,0,432
6355,0,0,0,172,116,0,292
6356,0,0,0,0,81,0,81
6357,0,0,0,45,0,0,45
6358,0,0,0,64,0,0,64
6359,0,0,0,99,99,0,199
6361,0,0,0,59,0,0,59
6363,0,0,0,65,0,0,65
6365,0,0,0,320,0,0,320
6367,0,0,0,188,0,0,188
6368,0,0,0,36,0,0,36
6369,0,0,0,359,0,0,359
6370,0,0,217,30,0,0,245
6372,0,0,66,5,0,0,70
6373,0,0,0,48,0,0,48
6375,0,0,0,493,0,0,493
6383,0,0,527,0,0,0,527
6384,0,0,19,0,0,0,19
6385,0,0,0,14,0,0,14
6386,0,0,0,57,0,0,57
6390,0,661,206,0,0,0,870
6391,0,40,443,0,0,0,475
6392,0,0,277,0,0,0,277
6393,0,0,77,0,0,0,77
6394,0,0,223,0,0,0,223
6395,0,0,809,0,0,0,809
6396,0,0,187,0,0,0,187
6397,0,0,66,0,0,0,66
6398,0,0,473,0,0,0,473
6401,0,3549,96,0,0,0,3648
6403,0,75,0,0,0,0,75
6405,0,0,154,0,0,0,154
6407,0,0,489,0,0,0,489
6409,0,0,204,0,0,0,204
6410,0,0,479,0,0,0,479
6411,0,0,56,0,0,0,56
6412,0,0,27,0,0,0,27
6413,0,0,28,0,0,0,28
6414,0,0,30,0,0,0,30
6415,0,0,1354,133,0,0,1483
6418,0,0,0,358,0,0,358
6419,0,0,0,30,0,0,30
6420,0,0,0,55,0,0,55
6421,0,0,0,66,0,0,66
6422,0,0,0,20,0,0,20
6423,0,0,0,90,0,0,90
6424,0,0,0,53,0,0,53
6425,0,0,0,51,0,0,51
6426,0,0,0,564,0,0,564
6427,0,0,0,0,0,0,0
6428,0,0,0,22,0,0,22
6429,0,0,0,0,501,0,501
6430,0,0,9622,0,3,0,9626
6431,0,0,0,0,302,0,302
6432,0,0,3306,0,0,0,3306
6434,0,0,23,0,56,0,76
6436,0,0,0,0,69,0,69
6437,0,0,0,0,304,0,304
6438,0,0,0,0,390,0,390
6440,0,0,0,0,368,0,368
6442,0,0,1247,0,0,0,1247
6443,0,0,0,0,789,0,789
6445,0,0,0,0,89,0,89
6446,0,0,0,50,0,0,50
6447,0,0,0,92,10,0,102
6448,0,0,0,147,0,0,147
6450,0,0,0,6119,202,0,6316
6452,0,0,0,0,14,0,14
6460,0,0,390,0,0,0,390
6461,0,0,289,0,0,0,289
6462,0,0,69,0,0,0,69
6463,0,0,5,0,0,0,5
6465,0,0,18,0,0,0,18
6466,0,0,0,43,0,0,43
6467,0,0,0,22,0,0,22
6468,0,0,0,122,0,0,122
6470,0,0,0,13,0,0,13
6472,0,0,0,145,0,0,145
6473,0,0,0,36,0,0,36
6475,0,0,0,235,0,0,235
6476,0,0,0,29,0,0,29
6477,0,0,0,157,0,0,157
6479,0,0,0,300,0,0,300
6480,0,0,0,17,0,0,17
6484,0,0,0,35,0,0,35
6485,0,0,309,0,0,0,309
6487,0,0,0,34,0,0,34
6488,0,0,0,116,0,0,116
6489,0,0,0,73,0,0,73
6490,0,0,0,130,0,0,130
6501,0,369,0,0,0,0,369
6502,0,408,153,0,0,0,559
6503,0,711,357,0,0,0,1067
6504,0,0,79,0,0,0,79
6505,0,0,65,0,0,0,65
6506,0,0,29,0,0,0,29
6507,0,0,309,0,0,0,309
6509,0,0,95,0,0,0,95
6510,0,0,977,0,0,0,977
6511,0,0,539,0,0,0,539
6512,0,0,53,0,0,0,53
6513,0,0,86,21,0,0,105
6514,0,0,649,5,0,0,652
6515,0,0,0,197,0,0,197
6516,0,0,1503,0,0,0,1503
6517,0,0,0,254,0,0,254
6518,0,0,0,179,0,0,179
6519,0,0,0,316,0,0,316
6521,0,0,330,0,0,0,330
6522,0,0,313,0,0,0,313
6525,0,0,1988,0,0,0,1988
6528,0,0,172,0,0,0,172
6530,0,0,14980,0,8,0,14982
6532,0,0,2493,286,97,0,2880
6535,0,0,799,209,0,0,1007
6536,0,0,0,1479,0,0,1479
6537,0,0,0,0,989,0,989
6556,0,794,0,0,0,0,794
6558,0,330,0,0,0,0,330
6560,0,608,0,0,0,0,608
6562,0,579,0,0,0,0,579
6564,0,164,0,0,0,0,164
6566,0,1632,116,0,0,0,1743
6567,0,234,34,0,0,0,267
6568,0,0,127,0,0,0,127
6569,0,0,141,0,0,0,141
6571,0,0,47,0,0,0,47
6572,0,0,29,0,0,0,29
6574,0,0,44,0,0,0,44
6575,0,0,69,0,0,0,69
6603,0,0,607,0,0,0,607
6605,0,0,0,27,0,0,27
6606,0,0,0,109,0,0,109
6608,0,0,0,65,0,0,65
6609,0,0,0,400,0,0,400
6612,0,0,0,79,22,0,102
6613,0,0,0,36,0,0,36
6614,0,0,0,17,0,0,17
6616,0,0,0,35,0,0,35
6620,0,0,0,187,0,0,187
6623,0,0,0,364,0,0,364
6625,0,0,0,28,0,0,28
6627,0,0,0,25,0,0,25
6628,0,0,0,16,0,0,16
6630,0,0,0,326,54,0,384
6631,0,0,0,17,0,0,17
6632,0,0,0,25,0,0,25
6635,0,0,0,0,104,0,104
6638,0,0,0,0,372,0,372
6639,0,0,0,0,87,0,87
6640,0,0,0,0,201,0,201
6642,0,0,0,0,466,0,466
6646,0,0,0,0,243,0,243
6701,0,0,0,0,3835,0,3835
6705,0,0,0,0,148,0,148
6707,0,0,0,0,2315,0,2315
6710,0,0,0,0,658,0,658
6711,0,0,0,0,0,0,0
6712,0,0,0,0,4,0,4
6713,0,0,0,558,0,0,558
6714,0,0,0,7516,164,0,7681
6716,0,0,0,0,384,0,384
6718,0,0,0,334,25,0,359
6720,0,0,0,1213,0,0,1213
6721,0,0,0,2436,187,0,2627
6722,0,0,0,5014,150,0,5160
6725,0,0,0,4384,1366,0,5747
6726,0,0,0,3136,0,0,3136
6728,0,0,0,0,2888,0,2888
6731,0,0,0,0,0,0,0
6733,0,0,0,0,0,0,0
6740,0,0,0,0,702,0,702
6743,0,0,0,0,3569,0,3569
6751,0,0,0,0,1851,0,1851
6753,0,0,0,0,2678,0,2678
6754,0,0,0,0,681,0,681
6758,0,0,0,0,68,0,68
6760,0,0,0,0,285,0,285
6762,0,0,0,0,86,0,86
6765,0,0,0,0,771,0,771
6770,0,0,0,0,1334,0,1334
5000,8145,0,0,0,0,0,8145
5005,0,0,0,0,0,0,0
5006,3525,0,0,0,0,0,3525
5007,3518,0,0,0,0,0,3518
5008,6071,0,0,0,0,0,6071
5009,2245,0,0,0,0,0,2245
5010,2262,0,0,0,0,0,2262
5011,5210,0,0,0,0,0,5210
5012,4449,0,0,0,0,0,4449
5013,4446,0,0,0,0,0,4446
5014,5610,0,0,0,0,0,5610
5015,3035,0,0,0,0,0,3035
5016,4006,0,0,0,0,0,4006
5017,2362,0,0,0,0,0,2362
5018,2554,0,0,0,0,0,2554
5019,4560,0,0,0,0,0,4560
5020,1377,0,0,0,0,0,1377
5021,2820,0,0,0,0,0,2820
5022,7384,0,0,0,0,0,7384
5023,7774,0,0,0,0,0,7774
5024,6160,0,0,0,0,0,6160
5025,3557,0,0,0,0,0,3557
5031,4649,0,0,0,0,0,4649
5032,5869,0,0,0,0,0,5869
5033,3941,0,0,0,0,0,3941
5034,4507,0,0,0,0,0,4507
5035,2985,0,0,0,0,0,2985
5037,4921,0,0,0,0,0,4921
5038,7563,0,0,0,0,0,7563
5039,4111,0,0,0,0,0,4111
5040,1046,0,0,0,0,0,1046
5041,5408,0,0,0,0,0,5408
5042,4688,0,0,0,0,0,4688
5043,9098,0,0,0,0,0,9098
5044,5107,0,0,0,0,0,5107
5045,8662,0,0,0,0,0,8662
5046,4354,0,0,0,0,0,4354
5047,3773,0,0,0,0,0,3773
5048,6594,0,0,0,0,0,6594
5049,4321,0,0,0,0,0,4321
5050,2281,0,0,0,0,0,2281
5051,5564,0,0,0,0,0,5564
5052,2561,0,0,0,0,0,2561
5061,4405,0,0,0,0,0,4405
5062,6279,0,0,0,0,0,6279
5063,5710,0,0,0,0,0,5710
5064,4075,0,0,0,0,0,4075
5065,4743,0,0,0,0,0,4743
5066,4823,0,0,0,0,0,4823
5067,5350,0,0,0,0,0,5350
5068,5840,0,0,0,0,0,5840
5069,3846,0,0,0,0,0,3846
5070,6932,0,0,0,0,0,6932
5072,5582,0,0,0,0,0,5582
5073,6532,0,0,0,0,0,6532
5074,5736,0,0,0,0,0,5736
5075,4407,0,0,0,0,0,4407
5076,3640,9,0,0,0,0,3654
5081,4319,0,0,0,0,0,4319
5082,6422,0,0,0,0,0,6422
5083,3453,0,0,0,0,0,3453
5084,4155,0,0,0,0,0,4155
5085,8202,0,0,0,0,0,8202
5086,6982,0,0,0,0,0,6982
5087,5228,0,0,0,0,0,5228
5088,1538,0,0,0,0,0,1538
5089,2562,0,0,0,0,0,2562
5090,3488,0,0,0,0,0,3488
5091,3090,0,0,0,0,0,3090
5092,7266,0,0,0,0,0,7266
5093,3781,0,0,0,0,0,3781
5094,368,0,0,0,0,0,368
5095,8408,0,0,0,0,0,8408
5096,5452,0,0,0,0,0,5452
5097,5699,0,0,0,0,0,5699
5098,5096,0,0,0,0,0,5096
5106,19,0,0,0,0,0,19
5107,6388,0,0,0,0,0,6388
5108,16155,0,0,0,0,0,16155
5109,8690,0,0,0,0,0,8690
5110,3231,71,0,0,0,0,3304
5111,0,0,0,0,0,0,0
5112,8674,0,0,0,0,0,8674
5113,8309,0,0,0,0,0,8309
5114,12101,660,0,0,0,0,12759
5115,4059,0,0,0,0,0,4059
5116,4100,0,0,0,0,0,4100
5117,989,0,0,0,0,0,989
5118,7795,53,0,0,0,0,7849
5120,268,491,0,0,0,0,764
5121,708,0,0,0,0,0,708
5125,7574,0,0,0,0,0,7574
5126,2930,0,0,0,0,0,2930
5127,3176,0,0,0,0,0,3176
5131,358,0,0,0,0,0,358
5132,14,149,0,0,0,0,157
5133,0,145,0,0,0,0,145
5134,0,175,0,0,0,0,178
5136,194,0,0,0,0,0,194
5137,191,25,0,0,0,0,215
5138,0,136,0,0,0,0,136
5139,0,102,0,0,0,0,102
5140,168,0,0,0,0,0,168
5141,258,0,0,0,0,0,258
5142,236,0,0,0,0,0,236
5144,0,178,0,0,0,0,178
5150,23,0,0,0,0,0,23
5151,144,0,0,0,0,0,144
5152,2509,0,0,0,0,0,2509
5153,834,1700,0,0,0,0,2536
5154,1273,0,0,0,0,0,1273
5155,1597,0,0,0,0,0,1597
5156,390,0,0,0,0,0,390
5157,128,1024,0,0,0,0,1152
5158,9627,0,0,0,0,0,9627
5159,13026,0,0,0,0,0,13026
5160,10,0,0,0,0,0,10
5161,4463,0,0,0,0,0,4463
5162,14794,0,0,0,0,0,14794
5163,5967,0,0,0,0,0,5967
5164,2519,0,0,0,0,0,2519
5165,2620,0,0,0,0,0,2620
5166,911,0,0,0,0,0,911
5167,2588,0,0,0,0,0,2588
5168,2407,0,0,0,0,0,2407
5169,7121,0,0,0,0,0,7121
5170,561,0,0,0,0,0,561
5171,1736,769,0,0,0,0,2505
5172,1004,617,0,0,0,0,1619
5173,6105,0,0,0,0,0,6105
5174,1445,18,0,0,0,0,1463
5201,0,820,0,0,0,0,820
5202,0,415,0,0,0,0,415
5203,0,631,0,0,0,0,631
5204,0,2734,0,0,0,0,2734
5210,0,672,0,0,0,0,672
5211,0,9616,0,0,0,0,9616
5212,0,1554,0,0,0,0,1554
5213,0,1233,0,0,0,0,1233
5214,0,6077,0,0,0,0,6077
5220,0,0,0,76,0,0,76
5221,0,0,0,267,0,0,267
5222,0,0,0,655,0,0,655
5223,0,0,0,2191,0,0,2191
5231,0,486,0,0,0,0,486
5232,0,164,0,0,0,0,164
5233,0,584,0,0,0,0,584
5234,0,526,0,0,0,0,526
5235,0,1157,0,0,0,0,1157
5236,0,140,0,0,0,0,140
5237,0,164,0,0,0,0,164
5238,0,2803,296,0,0,0,3099
5240,0,205,0,0,0,0,205
5241,0,1006,0,0,0,0,1006
5242,0,666,0,0,0,0,666
5243,0,357,0,0,0,0,357
5244,0,1663,0,0,0,0,1663
5245,0,1277,0,0,0,0,1277
5250,0,1317,0,0,0,0,1317
5251,0,6055,0,0,0,0,6055
5252,0,2578,0,0,0,0,2578
5253,0,8584,0,0,0,0,8584
5254,0,1121,0,0,0,0,1121
5255,0,3985,0,0,0,0,3985
5256,0,960,0,0,0,0,960
5259,0,487,230,0,0,0,712
5260,0,908,0,0,0,0,908
5261,0,0,192,0,0,0,192
5262,0,0,209,0,0,0,209
5263,0,0,79,0,0,0,79
5264,0,0,712,5,0,0,714
5265,0,0,239,0,0,0,239
5266,0,0,318,0,0,0,318
5267,0,0,793,133,0,0,923
5268,0,0,1485,125,0,0,1615
5269,0,0,117,0,0,0,117
5270,0,0,264,0,0,0,264
5271,0,0,3356,42,0,0,3398
5272,0,0,427,0,0,0,427
5273,0,0,57,8,0,0,63
5275,0,0,1616,87,0,0,1708
5276,0,0,1362,0,0,0,1362
5277,0,0,1403,0,0,0,1403
5278,0,0,245,0,0,0,245
5279,0,0,254,0,0,0,254
5280,0,0,3817,0,0,0,3817
5290,0,12050,0,0,0,0,12050
5291,0,219,3783,0,0,0,4004
5301,0,0,351,0,0,0,351
5302,0,0,0,445,0,0,445
5303,0,0,0,101,0,0,101
5304,0,0,20,405,0,0,426
5306,0,0,37,0,0,0,37
5307,0,0,305,0,0,0,305
5308,0,0,84,0,0,0,84
5309,0,0,91,0,0,0,91
5310,0,0,52,0,0,0,52
5311,0,0,220,0,0,0,220
5320,0,0,909,0,0,0,909
5321,0,0,261,0,0,0,261
5322,0,0,516,0,0,0,516
5330,0,0,1683,0,0,0,1683
5331,0,0,174,0,0,0,174
5332,0,0,211,0,0,0,211
5333,0,0,2710,0,0,0,2710
5340,0,0,710,0,0,0,710
5341,0,0,3605,0,0,0,3610
5342,0,0,506,0,0,0,506
5343,0,0,2449,0,0,0,2449
5344,0,0,434,0,0,0,434
5345,0,0,1758,0,0,0,1758
5346,0,0,173,0,0,0,173
5350,0,169,0,0,0,0,169
5351,0,2278,0,0,0,0,2278
5352,0,2386,0,0,0,0,2386
5353,0,1746,232,0,0,0,1983
5354,0,0,464,0,0,0,464
5355,0,3357,0,0,0,0,3357
5356,0,400,6,0,0,0,403
5357,0,0,500,0,0,0,500
5360,0,429,0,0,0,0,429
5371,0,439,0,0,0,0,439
5372,0,825,0,0,0,0,825
5373,0,1586,0,0,0,0,1586
5374,0,546,218,0,0,0,761
5381,0,0,206,0,0,0,206
5400,0,315,0,0,0,0,315
5401,0,354,0,0,0,0,354
5410,0,145,0,0,0,0,145
5411,0,127,0,0,0,0,127
5412,0,593,0,0,0,0,593
5413,0,328,111,0,0,0,436
5414,0,73,0,0,0,0,73
5415,0,0,135,0,0,0,135
5416,0,0,122,0,0,0,122
5417,0,0,826,14,0,0,843
5418,0,0,70,0,0,0,70
5419,0,0,113,0,0,0,113
5420,0,0,45,0,0,0,45
5421,0,0,90,0,0,0,90
5422,0,0,1082,0,0,0,1082
5431,0,0,506,0,0,0,510
5432,0,0,62,17,0,0,81
5433,0,0,717,0,0,0,717
5434,0,0,251,177,0,0,427
5440,0,0,3,125,9,0,133
5451,0,389,0,0,0,0,389
5452,0,198,0,0,0,0,198
5453,0,1734,638,0,0,0,2372
5454,0,0,197,0,0,0,197
5455,0,0,23,0,0,0,23
5460,0,307,0,0,0,0,307
5461,0,1153,53,0,0,0,1201
5462,0,0,218,0,0,0,218
5464,0,0,300,0,0,0,300
5470,0,0,89,0,0,0,89
5471,0,0,47,0,0,0,47
5472,0,0,95,0,0,0,95
5473,0,0,366,0,0,0,366
5480,0,0,425,0,0,0,425
5481,0,0,340,0,0,0,340
5482,0,0,262,0,0,0,262
5483,0,0,190,0,0,0,190
5485,0,0,298,0,0,0,298
5490,0,0,85,0,0,0,85
5491,0,0,961,0,0,0,961
5493,0,0,54,0,0,0,54
5495,0,0,433,0,0,0,433
5501,0,2996,0,0,0,0,2996
5502,0,642,0,0,0,0,642
5510,0,0,64,0,0,0,64
5520,0,0,309,0,0,0,309
5521,0,0,84,0,0,0,84
5522,0,0,1313,0,0,0,1313
5523,0,0,950,0,0,0,950
5540,0,0,7435,0,0,0,7435
5550,0,102,396,0,0,0,497
5552,0,0,181,0,0,0,181
5554,0,0,2411,0,0,0,2411
5555,0,0,267,0,0,0,267
5556,0,0,2832,0,0,0,2832
5558,0,0,3399,0,0,0,3399
5560,0,0,228,0,0,0,228
5570,0,0,476,0,0,0,476
5571,0,0,1627,0,0,0,1627
5572,0,0,76,0,0,0,76
5573,0,0,1531,0,0,0,1531
5575,0,0,783,1429,0,0,2212
5576,0,0,0,659,0,0,659
5577,0,0,0,587,0,0,587
5580,0,0,307,0,0,0,307
5581,0,0,768,0,0,0,768
5582,0,0,0,551,0,0,551
5583,0,0,0,865,0,0,865
5600,0,0,3153,5,0,0,3154
5601,0,0,271,116,0,0,389
5602,0,0,215,672,0,0,888
5603,0,0,0,332,0,0,332
5604,0,0,0,241,0,0,241
5605,0,0,0,1033,0,0,1033
5606,0,0,0,6837,0,0,6837
5607,0,0,0,2490,187,0,2677
5608,0,0,7055,0,0,0,7055
5609,0,0,835,0,0,0,835
5630,0,0,0,64,0,0,64
5631,0,0,0,461,0,0,461
5632,0,0,0,98,0,0,98
5633,0,0,0,180,0,0,180
5640,0,0,0,568,0,0,568
5641,0,0,0,571,0,0,571
5642,0,0,0,142,0,0,142
5650,0,0,0,46,67,0,110
5651,0,0,0,0,40,0,40
5652,0,0,0,0,378,0,378
5653,0,0,0,0,36,0,36
5654,0,0,0,0,154,0,154
5655,0,0,0,0,49,0,49
5660,0,0,0,0,17,0,17
5661,0,0,0,0,78,0,78
5670,0,0,0,0,333,0,333
5671,0,0,0,0,156,0,156
5680,0,0,0,615,1061,0,1677
5690,0,0,0,0,2009,0,2009
5700,0,0,5871,0,0,0,5871
5701,0,0,14,0,0,0,14
5710,0,0,921,0,0,0,921
5713,0,0,0,4,3,0,9
5715,0,0,3,21,0,0,26
5717,0,0,0,7,4,0,15
5719,0,0,0,0,28,0,28
5720,0,0,0,0,311,0,311
5722,0,0,0,0,602,0,602
5723,0,0,0,0,1443,0,1443
5724,0,0,0,0,250,0,250
5725,0,0,0,1767,0,0,1767
5730,0,0,0,61,29,0,94
5731,0,0,0,0,438,0,438
5732,0,0,0,0,134,0,134
5733,0,0,0,0,162,0,162
5734,0,0,0,0,105,0,105
5950,0,0,0,0,0,0,0
5960,0,0,0,0,0,0,0
7000,0,7000,0,0,0,0,7000
7001,0,0,0,0,0,0,0
7004,0,3722,0,0,0,0,3722
7005,0,5898,0,0,0,0,5898
7007,0,1348,0,0,0,0,1348
7008,0,5532,0,0,0,0,5532
7009,0,5826,0,0,0,0,5826
7010,0,7771,0,0,0,0,7771
7011,0,6581,0,0,0,0,6581
7012,0,337,0,0,0,0,337
7015,0,4634,0,0,0,0,4634
7016,0,1004,0,0,0,0,1004
7017,0,2163,41,0,0,0,2204
7018,0,9594,0,0,0,0,9594
7019,0,2614,0,0,0,0,2614
7020,0,801,131,0,0,0,933
7021,0,1008,0,0,0,0,1008
7022,0,0,463,0,0,0,463
7023,0,0,275,0,0,0,275
7024,0,251,0,0,0,0,251
7025,0,690,66,0,0,0,754
7026,0,0,391,0,0,0,391
7027,0,0,173,0,0,0,173
7030,0,5987,1431,487,0,0,7903
7050,0,5469,0,0,0,0,5469
7052,0,2988,0,0,0,0,2988
7053,0,1455,0,0,0,0,1455
7054,0,3404,0,0,0,0,3404
7055,0,165,0,0,0,0,165
7109,0,73,4027,0,0,0,4095
7112,0,0,1717,0,0,0,1717
7113,0,0,487,0,0,0,487
7116,0,0,1131,0,0,0,1131
7117,0,0,519,0,0,0,519
7119,0,0,16,0,0,0,16
7120,0,0,933,0,0,0,933
7139,0,0,0,0,0,0,0
7140,0,3598,1377,293,0,0,5266
7150,0,576,1400,0,0,0,1980
7155,0,151,247,0,0,0,400
7162,0,0,281,0,0,0,281
7163,0,0,184,0,0,0,184
7170,0,1892,0,0,0,0,1892
7171,0,1434,0,0,0,0,1434
7172,0,1394,152,0,0,0,1541
7173,0,2589,1098,0,0,0,3691
7174,0,0,74,0,0,0,74
7175,0,0,100,0,0,0,100
7176,0,0,65,0,0,0,65
7177,0,0,240,0,0,0,240
7178,0,0,295,0,0,0,295
7179,0,0,407,0,0,0,407
7180,0,0,115,0,0,0,115
7182,0,0,280,0,0,0,280
7183,0,0,39,0,0,0,39
7184,0,0,732,0,0,0,732
7185,0,0,66,0,0,0,66
7186,0,0,212,0,0,0,212
7187,0,0,96,0,0,0,96
7190,0,0,1811,891,0,0,2708
7209,0,0,261,0,0,0,261
7210,0,0,593,0,0,0,598
7211,0,0,108,0,0,0,108
7212,0,643,215,0,0,0,862
7213,0,0,170,0,0,0,170
7214,0,0,339,0,0,0,339
7215,0,0,1345,1452,0,0,2805
7216,0,0,2501,0,0,0,2501
7248,0,7120,0,0,0,0,7120
7249,0,6005,0,0,0,0,6005
7250,0,21987,0,0,0,0,21987
7252,0,186,1274,0,0,0,1460
7253,0,0,2457,0,0,0,2457
7254,0,0,276,0,0,0,276
7255,0,0,0,0,601,0,601
7256,0,0,0,0,861,0,861
7257,0,0,0,0,42,0,42
7258,0,285,76,0,0,0,361
7259,0,0,208,0,0,0,208
7260,0,0,1462,0,0,0,1462
7261,0,0,125,0,0,0,125
7262,0,0,1291,0,0,0,1291
7263,0,0,289,0,0,0,289
7264,0,0,689,0,0,0,685
7265,0,0,144,0,0,0,144
7267,0,95,218,0,0,0,307
7268,0,147,287,0,0,0,438
7270,0,0,2472,0,0,0,2472
7275,0,24,1421,0,0,0,1443
7276,0,0,268,0,0,0,268
7277,0,2289,0,0,0,0,2289
7290,0,981,0,0,0,0,981
7291,0,243,0,0,0,0,243
7292,0,29,230,0,0,0,256
7300,0,1442,13,0,0,0,1452
7301,0,1655,310,0,0,0,1965
7302,0,0,756,0,0,0,756
7303,0,10,1229,0,0,0,1247
7304,0,0,2771,359,0,0,3121
7305,0,0,519,0,0,0,519
7306,0,0,1769,0,0,0,1769
7307,0,1639,3266,0,0,0,4905
7310,0,11133,1470,0,0,0,12605
7315,0,0,6845,0,0,0,6845
7316,0,0,2647,0,0,0,2647
7320,0,0,7801,0,0,0,7801
7321,0,0,2330,151,0,0,2481
7322,0,0,1812,0,0,0,1812
7325,0,0,4022,0,0,0,4022
7330,0,0,2610,445,0,0,3054
7331,0,0,321,0,0,0,321
7466,0,0,0,21,0,0,21
7467,0,0,0,1164,0,0,1164
7468,0,0,0,472,0,0,472
7469,0,0,0,563,0,0,563
7470,0,0,0,581,0,0,581
2600,3740,0,0,0,0,0,3740
2601,1651,0,0,0,0,0,1651
2602,13858,0,0,0,0,0,13858
2603,4554,0,0,0,0,0,4554
2604,5536,0,0,0,0,0,5536
2605,4720,0,0,0,0,0,4720
2606,4731,0,0,0,0,0,4731
2607,5809,0,0,0,0,0,5809
2609,492,0,0,0,0,0,492
2612,7913,0,0,0,0,0,7913
2614,8263,0,0,0,0,0,8263
2615,17540,0,0,0,0,0,17540
2617,13327,0,0,0,0,0,13327
2900,1037,12,0,0,0,0,1046
2902,6052,0,0,0,0,0,6052
2903,3701,0,0,0,0,0,3701
2904,4965,0,0,0,0,0,4965
2905,10947,0,0,0,0,0,10947
2906,6657,0,0,0,0,0,6657
2911,1686,0,0,0,0,0,1686
2912,2336,0,0,0,0,0,2336
2913,13364,0,0,0,0,0,13364
2914,8656,0,0,0,0,0,8656
